"word","n"
"contraception/method",4437
"sex",3975
"period",3795
"pregnant",3576
"family planning",3333
"effect/side effect",2594
"question/answer",2012
"lady/girl",1705
"sign/symptom",1486
"pain",1366
"time",1330
"condom",1328
"pill",1301
"cancer",1296
"wife/husband/partner",1229
"prevent",1000
"sexual",882
"feel",876
"blood/bleed",831
"HIV/AIDS",806
"(un)safe/days",783
"start",707
"implant",684
"fertility/infertility",674
"safe",666
"affect",645
"birth",642
"normal",635
"injection",576
"experience",567
"child",551
"STD",550
"advice",547
"breast",537
"wait",529
"true",499
"age",480
"infection",473
"infect",460
"voucher",449
"type",446
"stop",433
"treat",393
"conceive",377
"marriage",367
"person",364
"baby",357
"vagina",356
"health",354
"body",347
"test",343
"cervical",336
"IUD",336
"discharge",334
"syphilis",325
"love",319
"prostate",315
"receive",312
"disease",310
"people",310
"protection",300
"hiv/aids",296
"irregular",294
"abdominal",288
"abortion",285
"unprotected sex",285
"penis",282
"call",280
"emergency pills",276
"effective",275
"healthy",271
"date",270
"cramp",269
"depo",267
"boy",257
"happen",254
"itch",249
"cycle",247
"ksh",244
"remove",238
"private",235
"negative",230
"vasectomy",226
"male",225
"plan",224
"masturbation",222
"female",221
"sperm",219
"miss",217
"friend",210
"relationship",209
"low",205
"lead",203
"late",200
"positive",197
"night",196
"term",196
"ejaculate",195
"change",192
"drug",188
"satisfy",188
"control",187
"reduce",185
"count",184
"family",184
"suppose",184
"morning",182
"gonorrhea",180
"immediately",177
"learn",176
"bad",174
"reproductive health",174
"disadvantage",170
"send",170
"release",165
"sexual health",165
"vaginal",165
"doctor",164
"hospital",164
"weight",164
"facility",161
"chance",160
"stay",160
"reason",159
"benefit",158
"understand",158
"increase",155
"short",153
"smell",149
"birth control",148
"engage",148
"uti",148
"virgin",146
"fluid",145
"talk",145
"suffer",144
"life",142
"visit",141
"medicine",139
"attend",138
"prep",135
"reproductive",135
"stomach",135
"genital",133
"issue",133
"miscarriage",133
"active",131
"importance",131
"wrong",131
"guy",130
"bring",129
"flow",129
"worry",129
"break",128
"heavy",127
"bed",125
"explain",125
"recommend",125
"food",124
"ready",124
"regular",123
"hear",121
"delay",120
"sleep",120
"ago",118
"leave",118
"yeast",118
"result",115
"mother",114
"service",113
"urinate",113
"concern",112
"kiss",111
"white",111
"due",110
"size",110
"response",108
"virus",108
"cure",107
"bear",106
"future",105
"side",105
"stage",105
"medication",104
"quiz",103
"occur",102
"hormonal",101
"fibroid",100
"yesterday",100
"libido",97
"hv",96
"eat",95
"meet",95
"reach",95
"reply",95
"femiplan",93
"play",93
"risk",92
"advantage",91
"clinic",91
"nice",91
"text",91
"goodnight",90
"form",89
"main",89
"virginity",89
"mine",87
"free",86
"possibility",86
"urine",86
"breastfeed",85
"lose",85
"deal",83
"measure",82
"menopause",82
"severe",82
"tablet",82
"complain",81
"fear",81
"spot",81
"common",80
"erect",80
"pimple",80
"undergo",79
"delivery",78
"fail",78
"medical",78
"oral",78
"spend",78
"burst",77
"fuck",77
"norplant",77
"fast",76
"hormone",76
"manage",76
"detect",75
"erection",75
"gain",75
"herpes",75
"information",75
"phone",75
"expect",74
"female condoms",74
"headache",74
"calculate",73
"continue",73
"natural",73
"insert",72
"jakadala",72
"enjoy",71
"ovulation",71
"vomit",71
"claim",70
"skin",70
"swell",70
"system",70
"cd",69
"contact",69
"fat",68
"mind",68
"assist",67
"spread",67
"student",67
"afraid",66
"organ",66
"circumcision",65
"desire",65
"finish",65
"itchy",65
"live",65
"promise",65
"school",65
"sti's",65
"suitable",65
"transport",65
"wet",65
"complication",64
"prolong",64
"expire",62
"prefer",62
"thick",62
"emergency",61
"loose",61
"solution",61
"contract",60
"diet",60
"option",60
"tomorrow",60
"balance",59
"deliver",59
"happy",59
"hard",59
"kisumu",59
"numb",59
"past",59
"process",59
"begin",58
"notice",58
"reproduction",58
"youth",58
"inside",57
"ovarian",57
"determine",56
"frequent",56
"grow",56
"pep",56
"feedback",55
"mensuration",55
"pass",55
"premature",55
"withdrawal",55
"decide",54
"lover",54
"vigina",54
"colour",53
"couple",53
"duration",53
"human",53
"improve",53
"knw",53
"patner",53
"produce",53
"tire",53
"agirl",52
"check",52
"maintain",52
"agent",51
"chat",51
"dick",51
"follow",51
"gal",51
"incase",51
"round",51
"save",51
"stress",51
"everyday",50
"position",50
"situation",50
"disappear",49
"dispensary",49
"imbalance",49
"st",49
"unwanted",49
"water",49
"awoman",48
"impregnate",48
"wear",48
"abnormal",47
"carry",47
"condition",47
"hope",47
"involve",47
"iucd",47
"job",47
"message",47
"offer",47
"real",47
"realize",47
"sighns",47
"specific",47
"touch",47
"virgina",47
"apply",46
"cry",46
"cyst",46
"difference",46
"growth",46
"money",46
"ache",45
"act",45
"dangerous",45
"harmful",45
"hr",45
"moment",45
"rash",45
"barren",44
"cost",44
"function",44
"hand",44
"orgasm",44
"pressure",44
"relate",44
"remedy",44
"request",44
"respond",44
"shave",44
"track",44
"urinary",44
"arouse",43
"care",43
"chancroid",43
"county",43
"factor",43
"implanon",43
"interfere",43
"nausea",43
"procedure",43
"uterus",43
"abstain",42
"copper",42
"latex",42
"realise",42
"realy",42
"regularly",42
"rush",42
"thankyou",42
"trust",42
"arm",41
"candidiasis",41
"challenge",41
"en",41
"handle",41
"one's",41
"tear",41
"womb",41
"choose",40
"clot",40
"connect",40
"de",40
"home",40
"seek",40
"circumcise",39
"ectopic",39
"rate",39
"remain",39
"ua",39
"backache",38
"bless",38
"drink",38
"kwa",38
"locate",38
"suck",38
"ad",37
"barrenness",37
"code",37
"da",37
"develop",37
"practice",37
"women's",37
"yellow",37
"accord",36
"ama",36
"hair",36
"harm",36
"malaria",36
"neon",36
"physical",36
"rid",36
"twin",36
"uzazi",36
"approach",35
"danger",35
"dnt",35
"god",35
"kit",35
"mature",35
"pl",35
"refuse",35
"style",35
"weak",35
"arvs",34
"boost",34
"feed",34
"frequently",34
"half",34
"niko",34
"screen",34
"wht",34
"causative",33
"convince",33
"crumps",33
"ensure",33
"exercise",33
"fistula",33
"kama",33
"recently",33
"retryimmediately",33
"sick",33
"sore",33
"testis",33
"tube",33
"wit",33
"burn",32
"buy",32
"conception",32
"concieve",32
"confirm",32
"easily",32
"glad",32
"lack",32
"limit",32
"maximum",32
"ovary",32
"pus",32
"teenager",32
"wart",32
"whitish",32
"add",31
"alady",31
"assistance",31
"clean",31
"contraseptives",31
"fall",31
"femi",31
"forget",31
"helpful",31
"kenya",31
"leg",31
"milk",31
"mood",31
"plant",31
"red",31
"single",31
"spin-dry",31
"status",31
"strong",31
"ten",31
"yellowish",31
"appetite",30
"bite",30
"boil",30
"charge",30
"consult",30
"cram",30
"cum",30
"deep",30
"fill",30
"matter",30
"overcome",30
"parent",30
"pubic",30
"pussy",30
"rape",30
"sana",30
"sms",30
"teach",30
"wash",30
"word",30
"access",29
"addict",29
"alright",29
"circle",29
"completely",29
"dream",29
"exist",29
"expectant",29
"fungal",29
"loss",29
"musterbation",29
"require",29
"safety",29
"share",29
"smelly",29
"tip",29
"user",29
"activity",28
"amount",28
"ball",28
"dear",28
"enlarge",28
"excess",28
"jadelle",28
"nairobi",28
"oil",28
"pay",28
"protective",28
"tel",28
"terminate",28
"tubal",28
"anytime",27
"brown",27
"excessive",27
"mucus",27
"pple",27
"scare",27
"semen",27
"tummy",27
"unmarried",27
"discover",26
"heat",26
"hurt",26
"inform",26
"inject",26
"itchiness",26
"january",26
"light",26
"likewise",26
"move",26
"ovulate",26
"scratch",26
"shida",26
"skip",26
"soap",26
"support",26
"sweet",26
"transportation",26
"antibiotic",25
"die",25
"fee",25
"heal",25
"join",25
"lubricant",25
"nipple",25
"office",25
"patient",25
"pleasure",25
"tend",25
"ulcer",25
"virginia",25
"wanna",25
"april",24
"base",24
"confuse",24
"correct",24
"easy",24
"injectable",24
"kuna",24
"monday",24
"normaly",24
"nowadays",24
"october",24
"operation",24
"substance",24
"thin",24
"treatable",24
"august",23
"black",23
"client",23
"comfortable",23
"communicate",23
"depend",23
"grateful",23
"identify",23
"impact",23
"irritation",23
"july",23
"kill",23
"mpesa",23
"patch",23
"pils",23
"previous",23
"removal",23
"slim",23
"stil",23
"topic",23
"university",23
"urination",23
"uterine",23
"vain",23
"virginal",23
"wise",23
"wk",23
"advance",22
"anal",22
"aproblem",22
"center",22
"consequence",22
"dark",22
"gender",22
"individual",22
"instance",22
"kiswahili",22
"pre",22
"pregnacy",22
"provera",22
"research",22
"sharp",22
"stand",22
"swallow",22
"unprotected",22
"viginal",22
"ward",22
"cervix",21
"cold",21
"cream",21
"cut",21
"difficult",21
"difficulty",21
"educate",21
"gani",21
"geting",21
"heart",21
"include",21
"infected",21
"inplant",21
"major",21
"mouth",21
"odour",21
"perform",21
"postinor",21
"production",21
"provide",21
"reliable",21
"romance",21
"solve",21
"specifically",21
"sunday",21
"thrice",21
"tract",21
"urethra",21
"usual",21
"wake",21
"bacterial",20
"class",20
"close",20
"death",20
"erectile",20
"hygiene",20
"implantation",20
"intercouse",20
"level",20
"mate",20
"mention",20
"painkiller",20
"pelvic",20
"pm",20
"power",20
"relation",20
"remember",20
"seam",20
"sickness",20
"sing",20
"testicle",20
"accurate",19
"anymore",19
"aperson",19
"attention",19
"bungoma",19
"continuously",19
"diagnose",19
"dysfunction",19
"extend",19
"failure",19
"foetus",19
"forward",19
"head",19
"hellow",19
"herbal",19
"huawei",19
"ligation",19
"lump",19
"myth",19
"organization",19
"pant",19
"posible",19
"productive",19
"refer",19
"sensation",19
"september",19
"shoot",19
"someone's",19
"starter",19
"step",19
"stick",19
"sweat",19
"unborn",19
"usage",19
"weekend",19
"wow",19
"alternative",18
"associate",18
"busy",18
"centre",18
"curable",18
"december",18
"disturb",18
"explanation",18
"eye",18
"force",18
"friday",18
"knowledge",18
"labour",18
"march",18
"natumia",18
"peel",18
"permanent",18
"post",18
"program",18
"prove",18
"react",18
"shape",18
"sister",18
"speak",18
"spouse",18
"teenage",18
"tl",18
"unable",18
"waist",18
"waste",18
"action",17
"angel",17
"belly",17
"circumstance",17
"contraseptive",17
"contribute",17
"damage",17
"discomfort",17
"dryness",17
"effectiveness",17
"everytime",17
"mimba",17
"prescribe",17
"professional",17
"risky",17
"saturday",17
"scrotum",17
"sensitive",17
"sindano",17
"stomachache",17
"stretch",17
"suggest",17
"suit",17
"tight",17
"transmission",17
"urge",17
"viagra",17
"west",17
"addiction",16
"aware",16
"becouse",16
"block",16
"clitoris",16
"continuous",16
"dec",16
"direct",16
"elaborate",16
"humble",16
"kidney",16
"liquid",16
"location",16
"massage",16
"mimi",16
"november",16
"public",16
"purpose",16
"rest",16
"return",16
"role",16
"scan",16
"stain",16
"victim",16
"wich",16
"ahead",15
"allergic",15
"bill",15
"bye",15
"calendar",15
"cell",15
"complete",15
"diaphragm",15
"discourage",15
"disorder",15
"dose",15
"doubt",15
"drop",15
"encourage",15
"energy",15
"fiancee",15
"guess",15
"heavily",15
"hip",15
"hubby",15
"inactive",15
"katakana",15
"kutumia",15
"lip",15
"mess",15
"operate",15
"pee",15
"pennis",15
"performance",15
"pick",15
"pregnat",15
"press",15
"probability",15
"proper",15
"ps",15
"read",15
"recur",15
"regain",15
"repeat",15
"seduce",15
"sema",15
"sigh",15
"sit",15
"son",15
"surgical",15
"tampon",15
"thnk",15
"webuye",15
"wind",15
"withdraw",15
"accept",14
"alcohol",14
"atleast",14
"attract",14
"blockage",14
"bother",14
"carrier",14
"consecutive",14
"couses",14
"credit",14
"detail",14
"egg",14
"entail",14
"father",14
"february",14
"finger",14
"fit",14
"hold",14
"hpv",14
"ill",14
"insertion",14
"insist",14
"intercose",14
"introduce",14
"irritate",14
"jahazi",14
"lick",14
"organisation",14
"pad",14
"penetration",14
"perfect",14
"posibility",14
"precaution",14
"provider",14
"scream",14
"sound",14
"staff",14
"statement",14
"stope",14
"surgery",14
"totally",14
"town",14
"account",13
"acquire",13
"adolescent",13
"aftr",13
"alafu",13
"allu",13
"ans",13
"arjun",13
"bf",13
"cheat",13
"chemist",13
"clarification",13
"copulation",13
"cord",13
"couse",13
"den",13
"describe",13
"district",13
"drive",13
"efficient",13
"encounter",13
"enter",13
"fallopian",13
"gamini",13
"idea",13
"intimate",13
"intrested",13
"kemoda",13
"mark",13
"mens",13
"mode",13
"moth",13
"mum",13
"nataka",13
"nauliza",13
"okoth",13
"percent",13
"preferable",13
"recieved",13
"remind",13
"shindano",13
"simple",13
"siphilis",13
"survey",13
"swahili",13
"tender",13
"tenderness",13
"thigh",13
"throat",13
"tommorow",13
"uncomfortable",13
"unsafe",13
"walk",13
"wall",13
"wound",13
"absolutely",12
"abstinence",12
"acne",12
"afternoon",12
"anus",12
"average",12
"bust",12
"campus",12
"career",12
"clarify",12
"company",12
"conduct",12
"constant",12
"dirty",12
"dizziness",12
"funny",12
"greatful",12
"hate",12
"holiday",12
"hundred",12
"inflammation",12
"inorder",12
"kan",12
"kinda",12
"lactate",12
"line",12
"menestration",12
"migori",12
"mistake",12
"mnth",12
"mustabation",12
"needle",12
"nina",12
"percentage",12
"physically",12
"pitapat",12
"practise",12
"putting",12
"region",12
"reproduce",12
"saliva",12
"satisfaction",12
"sell",12
"sexuality",12
"story",12
"study",12
"stuff",12
"suddenly",12
"surely",12
"survive",12
"switch",12
"symtoms",12
"temperature",12
"utis",12
"womens",12
"abnormality",11
"achild",11
"agree",11
"allergy",11
"attack",11
"attempt",11
"bacterium",11
"barreness",11
"canser",11
"card",11
"checkup",11
"college",11
"compare",11
"concive",11
"conversation",11
"cool",11
"counsel",11
"daughter",11
"decrease",11
"dint",11
"doc",11
"dot",11
"exact",11
"faithful",11
"griffin",11
"guarantee",11
"hemorrhoid",11
"horny",11
"interval",11
"language",11
"length",11
"men's",11
"min",11
"mnths",11
"musturbation",11
"noise",11
"opt",11
"placenta",11
"pregant",11
"pregnance",11
"query",11
"raise",11
"rarely",11
"recommendation",11
"reoccur",11
"responsible",11
"rise",11
"shy",11
"sire",11
"space",11
"strange",11
"thou",11
"tr",11
"transfer",11
"ultrasound",11
"unhealthy",11
"actual",10
"adult",10
"air",10
"alter",10
"app",10
"appearance",10
"applicable",10
"arise",10
"asex",10
"ass",10
"assume",10
"award",10
"azin",10
"basis",10
"bend",10
"bloat",10
"boob",10
"btn",10
"chart",10
"cm",10
"coitus",10
"concieved",10
"content",10
"debt",10
"desease",10
"effectively",10
"expand",10
"exposure",10
"extent",10
"fake",10
"feb",10
"fiance",10
"friction",10
"fruit",10
"hang",10
"house",10
"idont",10
"imediately",10
"incomplete",10
"intercorse",10
"iwas",10
"kg",10
"lady's",10
"lamp",10
"list",10
"mmmh",10
"mtoto",10
"nearby",10
"noisy",10
"noo",10
"nurse",10
"occurrence",10
"payment",10
"penetrate",10
"persist",10
"prepare",10
"programme",10
"reaction",10
"redeem",10
"referral",10
"regard",10
"relieve",10
"resume",10
"reversible",10
"rough",10
"run",10
"shilling",10
"site",10
"spermicide",10
"suspect",10
"top",10
"travel",10
"tumia",10
"upper",10
"weigh",10
"weird",10
"whn",10
"yangu",10
"a'm",9
"abaut",9
"ability",9
"administer",9
"alarm",9
"ar",9
"bado",9
"beat",9
"breathe",9
"buh",9
"capable",9
"characteristic",9
"chg",9
"chlamydia",9
"choice",9
"chronic",9
"circumsition",9
"color",9
"contrasseptives",9
"country",9
"crack",9
"crumb",9
"crums",9
"dayz",9
"destroy",9
"development",9
"distance",9
"ease",9
"education",9
"essence",9
"extra",9
"false",9
"figure",9
"foreplay",9
"foul",9
"frend",9
"gang",9
"hacienda",9
"hare",9
"haue",9
"haw",9
"healthcare",9
"highway",9
"hinder",9
"hy",9
"immediatly",9
"impotent",9
"inch",9
"instruction",9
"intimacy",9
"iv",9
"june",9
"jxt",9
"ka",9
"ku",9
"lam",9
"lovely",9
"lubrication",9
"luck",9
"miezi",9
"mite",9
"mrng",9
"multiple",9
"mustarbation",9
"necessarily",9
"network",9
"oduor",9
"oooh",9
"outcome",9
"painless",9
"panadol",9
"pata",9
"pile",9
"pneumonia",9
"poor",9
"possibly",9
"protein",9
"quality",9
"quit",9
"recurrent",9
"refferal",9
"register",9
"reuse",9
"rumour",9
"safaricom",9
"search",9
"sec",9
"si",9
"siaya",9
"sme",9
"social",9
"sort",9
"stable",9
"stl",9
"successful",9
"swali",9
"ta",9
"tb",9
"termination",9
"texting",9
"thenk",9
"thiz",9
"tiredness",9
"tumbo",9
"tw",9
"unaeza",9
"untill",9
"vargina",9
"vct",9
"wan",9
"weather",9
"whow",9
"wl",9
"wn",9
"write",9
"yaah",9
"yeap",9
"yess",9
"accidentally",8
"accompany",8
"achieve",8
"amonth",8
"assure",8
"baren",8
"bareness",8
"becoz",8
"behave",8
"behavior",8
"behaviour",8
"bladder",8
"bore",8
"business",8
"chanchroid",8
"chest",8
"clit",8
"confidential",8
"contaceptives",8
"cope",8
"customer",8
"defect",8
"divorce",8
"dring",8
"eldoret",8
"eliza",8
"enable",8
"engagement",8
"enlargement",8
"estrogen",8
"expiry",8
"fare",8
"fb",8
"fero",8
"fresh",8
"fry",8
"gmail",8
"gt",8
"heath",8
"herps",8
"hot",8
"ht",8
"ii",8
"imagine",8
"ina",8
"infact",8
"inquire",8
"intend",8
"inter",8
"irregularity",8
"jan",8
"kick",8
"lf",8
"lie",8
"madam",8
"mah",8
"management",8
"medic",8
"medium",8
"mini",8
"mom",8
"moreso",8
"movement",8
"neva",8
"nxt",8
"odor",8
"oftenly",8
"panty",8
"participate",8
"piece",8
"prblm",8
"preg",8
"presence",8
"price",8
"range",8
"regulate",8
"report",8
"resend",8
"reverse",8
"rich",8
"safely",8
"season",8
"session",8
"severally",8
"shed",8
"sin",8
"smsasknivi",8
"sterile",8
"stimulation",8
"sudden",8
"syringe",8
"technique",8
"thankx",8
"thrush",8
"ths",8
"truth",8
"typhoid",8
"ukiwa",8
"umiak",8
"unplanned",8
"unsubscribe",8
"upangaji",8
"urinal",8
"vein",8
"village",8
"waz",8
"window",8
"yaani",8
"abruptly",7
"acid",7
"affection",7
"aim",7
"asexually",7
"ata",7
"au",7
"az",7
"bar",7
"bath",7
"befor",7
"beg",7
"bloody",7
"blue",7
"bout",7
"bracket",7
"brand",7
"brownish",7
"buttock",7
"cam",7
"chemical",7
"church",7
"clinical",7
"clump",7
"cnt",7
"coffee",7
"commonly",7
"community",7
"complicate",7
"consume",7
"correctly",7
"cousin",7
"cur",7
"current",7
"decision",7
"deny",7
"deposit",7
"depression",7
"device",7
"diarrhea",7
"differentiate",7
"direction",7
"directly",7
"disability",7
"dizzy",7
"dome",7
"don",7
"eager",7
"emotional",7
"employ",7
"enjoyable",7
"expensive",7
"fatigue",7
"feature",7
"finally",7
"fly",7
"fore",7
"game",7
"gap",7
"gel",7
"gf",7
"ghonnorea",7
"grl",7
"groin",7
"hadi",7
"harassment",7
"hataki",7
"hell",7
"hiyo",7
"honest",7
"hua",7
"hymen",7
"iching",7
"ile",7
"implication",7
"impotence",7
"ineffective",7
"info",7
"injure",7
"instant",7
"interms",7
"isnt",7
"ive",7
"jade",7
"jambo",7
"kisii",7
"kl",7
"kujua",7
"kuwa",7
"lastly",7
"lesbianism",7
"lite",7
"loan",7
"luv",7
"manhood",7
"manikin",7
"manpower",7
"meal",7
"menestrual",7
"milo",7
"misconception",7
"mission",7
"mix",7
"mo",7
"moi",7
"muscle",7
"mutilation",7
"noro",7
"nose",7
"nyc",7
"occasionally",7
"personal",7
"plea",7
"population",7
"postrate",7
"potential",7
"predict",7
"pregnate",7
"privet",7
"push",7
"relay",7
"secret",7
"seing",7
"settle",7
"shot",7
"shower",7
"silent",7
"slight",7
"slow",7
"smoke",7
"solid",7
"someones",7
"stationmaster",7
"stimulate",7
"strength",7
"sugar",7
"suggestion",7
"tab",7
"tackle",7
"taste",7
"tatu",7
"tew",7
"texted",7
"tie",7
"tommorrow",7
"tooth",7
"trait",7
"trimester",7
"tuesday",7
"tyme",7
"unaware",7
"unusual",7
"uti's",7
"visible",7
"vulva",7
"wch",7
"western",7
"world",7
"abdorminal",6
"abut",6
"adolescence",6
"ae",6
"affordable",6
"aint",6
"amniotic",6
"amoeba",6
"amust",6
"anice",6
"anilingus",6
"anomaly",6
"answerd",6
"arv",6
"asist",6
"asknivi",6
"ban",6
"bare",6
"bcz",6
"brain",6
"briefly",6
"ca",6
"capsule",6
"ch",6
"characterize",6
"chili",6
"chill",6
"circumsicion",6
"codom",6
"collect",6
"communication",6
"concentrate",6
"constipation",6
"convenient",6
"cray",6
"dad",6
"dats",6
"decease",6
"demand",6
"demerit",6
"disappoint",6
"diseas",6
"doez",6
"double",6
"dry",6
"earpiece",6
"ed",6
"efect",6
"eny",6
"esp",6
"excessively",6
"extremely",6
"familyplanningg",6
"favor",6
"fell",6
"fend",6
"fever",6
"fgm",6
"fight",6
"fil",6
"froth",6
"fyn",6
"galfriend",6
"groundnut",6
"guv",6
"gve",6
"gynaecologist",6
"hakuna",6
"halo",6
"hap",6
"harass",6
"heathy",6
"heed",6
"hekima",6
"hes",6
"hmm",6
"honestly",6
"imply",6
"indication",6
"injectables",6
"intonation",6
"intrauterine",6
"irregularly",6
"jewel",6
"juice",6
"juicy",6
"juu",6
"kahuna",6
"ken",6
"kenyatta",6
"key",6
"kibabii",6
"kizunguzungu",6
"kumquat",6
"la",6
"ladie",6
"ladys",6
"lewy",6
"lo",6
"lonely",6
"lonnah",6
"market",6
"maseno",6
"mashujaa",6
"matulo",6
"mentrual",6
"meny",6
"meta",6
"miaka",6
"microlut",6
"minimal",6
"minimum",6
"minipill",6
"morng",6
"mug",6
"naitwa",6
"nato",6
"naturally",6
"naweza",6
"news",6
"ningependa",6
"nit",6
"norplan",6
"nov",6
"occasion",6
"opposite",6
"pardon",6
"particle",6
"peer",6
"persistent",6
"pesa",6
"pheyth",6
"platform",6
"pleasurable",6
"preterm",6
"prgnant",6
"prignant",6
"proceed",6
"promotion",6
"properly",6
"quickly",6
"razor",6
"recieve",6
"replace",6
"rhesus",6
"roe",6
"ronique",6
"ruin",6
"sai",6
"sasa",6
"server",6
"sharon",6
"shift",6
"shinda",6
"shud",6
"sir",6
"sitikho",6
"sm",6
"smooth",6
"society",6
"spin",6
"stitch",6
"sty",6
"surface",6
"surprise",6
"sustain",6
"tafadhali",6
"team",6
"tek",6
"thea",6
"toilet",6
"toria",6
"totaly",6
"tuna",6
"uliza",6
"unknowingly",6
"unnecessary",6
"varicose",6
"vocher",6
"volunteer",6
"wasnt",6
"watery",6
"weakness",6
"ween",6
"wel",6
"whatsapp",6
"wheather",6
"whith",6
"whot",6
"wll",6
"wnt",6
"yenye",6
"abandon",5
"aday",5
"afect",5
"afected",5
"agood",5
"aha",5
"ako",5
"alway",5
"amino",5
"amother",5
"anataka",5
"anime",5
"anormal",5
"anser",5
"answr",5
"anther",5
"apetite",5
"approximately",5
"aquestion",5
"armpit",5
"asanti",5
"atending",5
"aunt",5
"avail",5
"awesome",5
"basic",5
"basically",5
"bat",5
"bby",5
"beneficial",5
"blade",5
"bob",5
"brest",5
"btw",5
"bur",5
"calender",5
"candiasis",5
"candida",5
"candidness",5
"cat",5
"certify",5
"cevical",5
"chating",5
"cheptais",5
"chi",5
"chinaware",5
"chocolate",5
"chv",5
"circumsision",5
"climate",5
"cocs",5
"colourless",5
"combine",5
"con",5
"consecutively",5
"conserve",5
"contaceptive",5
"contagious",5
"continous",5
"continually",5
"creamy",5
"create",5
"cumming",5
"curious",5
"dam",5
"danish",5
"dashiki",5
"dawa",5
"define",5
"delete",5
"dial",5
"din't",5
"discuss",5
"dissapear",5
"docter",5
"doest",5
"dog",5
"dosage",5
"dress",5
"dual",5
"durring",5
"dye",5
"east",5
"elapse",5
"elsa",5
"embarrass",5
"engine",5
"enhance",5
"enlighten",5
"enquire",5
"error",5
"especialy",5
"estate",5
"esther",5
"exam",5
"excuse",5
"expirience",5
"expose",5
"familiar",5
"fanya",5
"fellow",5
"feminine",5
"field",5
"fist",5
"flat",5
"fon",5
"frame",5
"gan",5
"gen",5
"ghonnorhoea",5
"gm",5
"gonna",5
"government",5
"guise",5
"ha",5
"height",5
"highlight",5
"hii",5
"hit",5
"hlp",5
"ho",5
"hoke",5
"huv",5
"hving",5
"iannamai",5
"iget",5
"ihad",5
"impossible",5
"inaleta",5
"inane",5
"inanimate",5
"induce",5
"infectious",5
"inffected",5
"influence",5
"intense",5
"intercom",5
"iris",5
"irrelevant",5
"istart",5
"itz",5
"jane",5
"jinrikisha",5
"juxt",5
"kabuki",5
"kakamega",5
"kh",5
"killer",5
"kink",5
"kitu",5
"kupata",5
"kuuliza",5
"lactation",5
"langu",5
"leach",5
"lebido",5
"leo",5
"letter",5
"lifespan",5
"limitation",5
"lm",5
"login",5
"loll",5
"lower",5
"lumpy",5
"lung",5
"lv",5
"manner",5
"mara",5
"marijuana",5
"mary",5
"masterbate",5
"masterbating",5
"mechanism",5
"ment",5
"mercy",5
"mes",5
"mgongo",5
"mid",5
"mild",5
"misoprostol",5
"mmmmh",5
"mobile",5
"msichana",5
"musterbate",5
"naona",5
"ngo",5
"ngono",5
"nikitumia",5
"nimekuwa",5
"noon",5
"object",5
"observe",5
"oct",5
"opinion",5
"outstanding",5
"overian",5
"oviduct",5
"pancreatic",5
"papilla",5
"party",5
"person's",5
"pin",5
"precum",5
"prod",5
"product",5
"progress",5
"prolapse",5
"prone",5
"quarrel",5
"quetion",5
"qz",5
"reappear",5
"recomend",5
"recommendable",5
"reddish",5
"refund",5
"reject",5
"rely",5
"resemble",5
"respect",5
"responce",5
"responsibility",5
"retain",5
"romantic",5
"rupture",5
"sa",5
"sample",5
"satified",5
"satisfactory",5
"scent",5
"section",5
"semens",5
"sept",5
"serve",5
"shirt",5
"shrink",5
"sickle",5
"sift",5
"significance",5
"sina",5
"siphylis",5
"ski",5
"slightly",5
"soft",5
"someona",5
"south",5
"spar",5
"special",5
"squeeze",5
"squirt",5
"staki",5
"sth",5
"sticky",5
"stone",5
"sue",5
"sun",5
"swels",5
"swing",5
"tangu",5
"tare",5
"tea",5
"temporary",5
"thankful",5
"thankyu",5
"thika",5
"thn",5
"tighten",5
"til",5
"timer",5
"tone",5
"transplant",5
"tyms",5
"ukitumia",5
"uko",5
"underwear",5
"update",5
"vary",5
"vaucher",5
"visitant",5
"visted",5
"wakati",5
"walkaway",5
"wangu",5
"whit",5
"whos",5
"wld",5
"woo",5
"wring",5
"xex",5
"yestaday",5
"yesterday's",5
"zine",5
"zinnia",5
"ab",4
"abotion",4
"abuse",4
"accident",4
"achance",4
"actualy",4
"addictive",4
"administration",4
"admire",4
"adverse",4
"advisible",4
"afather",4
"afew",4
"affective",4
"afriend",4
"ah",4
"akimbo",4
"alowed",4
"alternate",4
"amateurish",4
"amaze",4
"amd",4
"amt",4
"ana",4
"anaconda",4
"angaged",4
"anti",4
"apparently",4
"appropriately",4
"ashort",4
"asleep",4
"aslo",4
"ati",4
"attendant",4
"attest",4
"await",4
"awareness",4
"aweek",4
"awkward",4
"ax",4
"ayear",4
"ayoung",4
"backach",4
"backfire",4
"bae",4
"bake",4
"banyan",4
"barth",4
"beatiful",4
"beaut",4
"beloved",4
"biko",4
"bila",4
"bin",4
"biology",4
"bitter",4
"boll",4
"bonanza",4
"bone",4
"branch",4
"breakage",4
"breakup",4
"breastcancer",4
"bro",4
"bruise",4
"btl",4
"build",4
"bukusu",4
"burren",4
"button",4
"bwana",4
"bx",4
"cabbage",4
"canot",4
"cash",4
"cation",4
"caunt",4
"ceaserian",4
"centimeter",4
"cerebral",4
"characterise",4
"chatbot",4
"cheap",4
"chemistry",4
"chick",4
"chini",4
"chuka",4
"chukka",4
"chum",4
"circumcission",4
"clam",4
"classmate",4
"cleanliness",4
"climax",4
"clomid",4
"clothe",4
"coat",4
"coke",4
"condone",4
"conjugal",4
"consideration",4
"consistent",4
"continuos",4
"contral",4
"controll",4
"couch",4
"counselor",4
"counter",4
"cover",4
"coverage",4
"cox",4
"coyote",4
"cross",4
"culture",4
"cums",4
"cute",4
"defective",4
"dent",4
"dental",4
"dharma",4
"dhat",4
"dhn",4
"dht",4
"diabetes",4
"diffrent",4
"diploma",4
"dire",4
"disconnect",4
"dissapointed",4
"distinguish",4
"doe",4
"dour",4
"drag",4
"drastically",4
"dun",4
"eagerly",4
"economist",4
"edema",4
"em",4
"emergence",4
"emotion",4
"entire",4
"entrance",4
"environment",4
"errect",4
"erythromycin",4
"es",4
"eti",4
"evn",4
"evry",4
"exceed",4
"experince",4
"expound",4
"expriencing",4
"external",4
"extreme",4
"facebook",4
"fade",4
"fanny",4
"feal",4
"filling",4
"finale",4
"financially",4
"firm",4
"fluctuation",4
"forever",4
"frequency",4
"frustrate",4
"fugal",4
"gape",4
"gas",4
"gate",4
"gd",4
"gene",4
"girlfrend",4
"goon",4
"grin",4
"guestion",4
"gven",4
"habit",4
"hag",4
"haves",4
"havin",4
"hay",4
"headach",4
"healthwise",4
"helot",4
"hepatitis",4
"hew",4
"highly",4
"history",4
"hivi",4
"hosp",4
"huge",4
"hvs",4
"hydronephrosis",4
"i'v",4
"iâ€™m",4
"ichy",4
"ignore",4
"ihve",4
"ili",4
"imgn",4
"immature",4
"immunity",4
"implano",4
"incubation",4
"infallibility",4
"inset",4
"intact",4
"invite",4
"irreversible",4
"isleep",4
"istay",4
"ivo",4
"jelly",4
"jibu",4
"ju",4
"kabisa",4
"kando",4
"karibu",4
"kenyan",4
"kila",4
"kimilili",4
"king",4
"kinga",4
"km",4
"koz",4
"krona",4
"kt",4
"kua",4
"kunyesha",4
"kutoka",4
"kwani",4
"kweli",4
"lake",4
"lakini",4
"lean",4
"lication",4
"lifestyle",4
"linda",4
"lke",4
"lob",4
"local",4
"longterm",4
"lotion",4
"lucy",4
"lye",4
"machine",4
"madem",4
"mai",4
"majorly",4
"malarial",4
"mama",4
"mamba",4
"mania",4
"maried",4
"mastication",4
"material",4
"maze",4
"mbona",4
"mere",4
"messures",4
"mh",4
"microgynon",4
"middle",4
"migraine",4
"minimize",4
"minor",4
"minus",4
"mis",4
"misikhu",4
"mk",4
"mm",4
"mombasa",4
"monthy",4
"moody",4
"nakuru",4
"nation",4
"nay",4
"nayo",4
"neck",4
"newly",4
"ngozi",4
"nickname",4
"nigga",4
"niki",4
"nilienda",4
"nimetumia",4
"nitumie",4
"njia",4
"nyt",4
"obtain",4
"ohh",4
"okei",4
"onother",4
"overflow",4
"overtime",4
"pa",4
"pack",4
"page",4
"pan",4
"parpiloma",4
"partener",4
"parter",4
"partially",4
"partly",4
"password",4
"patiently",4
"patners",4
"pattern",4
"pattner",4
"peace",4
"perfectly",4
"perfomance",4
"personally",4
"pharmacy",4
"phase",4
"pinch",4
"plis",4
"possitive",4
"potty",4
"pour",4
"predispose",4
"premarital",4
"prenatal",4
"previously",4
"probe",4
"project",4
"prole",4
"pt",4
"puberty",4
"pull",4
"purse",4
"pursue",4
"qt",4
"ramie",4
"receved",4
"recognise",4
"recomended",4
"record",4
"referal",4
"referee",4
"regulary",4
"relax",4
"releas",4
"renew",4
"reoccurrence",4
"resistant",4
"ride",4
"ring",4
"road",4
"rub",4
"rut",4
"sac",4
"sale",4
"sameone",4
"schistosomiasis",4
"science",4
"se",4
"seat",4
"select",4
"semester",4
"separate",4
"servical",4
"set",4
"sh",4
"shanghai",4
"shiitake",4
"shout",4
"signify",4
"similar",4
"sincerely",4
"skul",4
"sleepy",4
"smsscreen",4
"sometyms",4
"soul",4
"specialize",4
"speed",4
"spit",4
"sport",4
"statistic",4
"steam",4
"strand",4
"string",4
"strip",4
"struggle",4
"succeed",4
"success",4
"sweetness",4
"sweling",4
"swim",4
"table",4
"tale",4
"tall",4
"teen",4
"testosterone",4
"thankz",4
"thks",4
"thngs",4
"throught",4
"thursday",4
"thx",4
"tin",4
"tme",4
"total",4
"trace",4
"trichinosis",4
"trouser",4
"tunukiwa",4
"twilit",4
"tymes",4
"u've",4
"ugonjwa",4
"ultra",4
"umblical",4
"una",4
"unapparent",4
"undertake",4
"unease",4
"unlike",4
"urinalysis",4
"usualy",4
"vb",4
"vergin",4
"versectomy",4
"vet",4
"view",4
"vihiga",4
"vii",4
"vitu",4
"vmmc",4
"vomitting",4
"votcher",4
"vowel",4
"vulnerable",4
"waaah",4
"wadi",4
"warm",4
"wd",4
"wednesday",4
"whatare",4
"whic",4
"wide",4
"wipe",4
"withstand",4
"witness",4
"wonderful",4
"wood",4
"worm",4
"worsen",4
"wrongly",4
"www",4
"xhida",4
"xome",4
"yaaah",4
"yang",4
"yep",4
"yeye",4
"aah",3
"ac",3
"acmes",3
"activate",3
"adopt",3
"affair",3
"afford",3
"ague",3
"airbus",3
"airtime",3
"aka",3
"akin",3
"alex",3
"alike",3
"alps",3
"ambiance",3
"ambient",3
"ambulate",3
"amid",3
"amusement",3
"analysis",3
"ancillary",3
"andante",3
"animal",3
"annoy",3
"antenatal",3
"antenna",3
"antifungal",3
"apology",3
"arthritis",3
"artificial",3
"artless",3
"assurance",3
"aw",3
"backpains",3
"baht",3
"balalaika",3
"banana",3
"baraka",3
"bay",3
"beard",3
"beautiful",3
"behalf",3
"berth",3
"bet",3
"bib",3
"bk",3
"blister",3
"blond",3
"blouse",3
"bo",3
"boat",3
"bond",3
"book",3
"boon",3
"bottom",3
"broaden",3
"bronchitis",3
"bum",3
"bump",3
"butt",3
"calcium",3
"calf",3
"calked",3
"candid",3
"candidate",3
"capability",3
"cardiac",3
"caret",3
"cask",3
"catholic",3
"cease",3
"central",3
"chap",3
"character",3
"chary",3
"cheeping",3
"childlessness",3
"chin",3
"chit",3
"chm",3
"chromosome",3
"chuck",3
"coca",3
"colon",3
"commitment",3
"communicable",3
"compatibility",3
"compatible",3
"compulsory",3
"concept",3
"condo",3
"conduce",3
"conflict",3
"congeal",3
"connive",3
"constipate",3
"consultant",3
"contentious",3
"contra",3
"contraction",3
"contraseptic",3
"corona",3
"cozy",3
"crate",3
"creation",3
"crest",3
"criterion",3
"cucumber",3
"cud",3
"curative",3
"curve",3
"cv",3
"daddy",3
"dais",3
"dampen",3
"daytime",3
"dd",3
"dead",3
"deadly",3
"debility",3
"dell",3
"depress",3
"derail",3
"diapered",3
"dict",3
"dilemma",3
"dimness",3
"dimply",3
"dip",3
"disagreement",3
"discordant",3
"dishy",3
"disinterested",3
"dislike",3
"disrupt",3
"dissipate",3
"distributor",3
"dos",3
"dost",3
"douse",3
"dower",3
"doz",3
"dungaree",3
"dusty",3
"ebb",3
"efficiency",3
"effort",3
"ejection",3
"employee",3
"emu",3
"endless",3
"endometriosis",3
"endue",3
"enfilade",3
"enjoyment",3
"equation",3
"era",3
"erelong",3
"esteem",3
"eta",3
"exchange",3
"expectation",3
"express",3
"faith",3
"familiarization",3
"fate",3
"favorable",3
"favorite",3
"fax",3
"fearful",3
"fellowman",3
"fetus",3
"fiber",3
"file",3
"financial",3
"fingerprint",3
"fitness",3
"fl",3
"flaccid",3
"fleshy",3
"fling",3
"fm",3
"focus",3
"foreskin",3
"forger",3
"formation",3
"fox",3
"freehand",3
"friendly",3
"gala",3
"gamin",3
"gar",3
"gay",3
"genetic",3
"geneva",3
"gent",3
"gentle",3
"genuine",3
"gestation",3
"ghats",3
"gingers",3
"gong",3
"goodbye",3
"grad",3
"graduate",3
"greenish",3
"grey",3
"guide",3
"guilt",3
"gunsmith",3
"gynecologist",3
"haling",3
"handmaids",3
"hangman",3
"harmless",3
"hashish",3
"hat",3
"heartbreak",3
"hellen",3
"hem",3
"herb",3
"hie",3
"hitch",3
"hm",3
"hole",3
"homosexuality",3
"hon",3
"hue",3
"hump",3
"husk",3
"hype",3
"hypertension",3
"hysterectomy",3
"iambi",3
"ifs",3
"imbalanced",3
"immune",3
"impress",3
"inborn",3
"indigo",3
"indulge",3
"inflammatory",3
"inguinal",3
"inherit",3
"initiate",3
"ins",3
"insight",3
"institution",3
"intention",3
"interact",3
"interrupt",3
"intestine",3
"inthe",3
"irresponsible",3
"jacaranda",3
"jackknives",3
"jail",3
"jasmine",3
"jesus",3
"joint",3
"joy",3
"kiddo",3
"kielbasi",3
"kinase",3
"kw",3
"lacy",3
"lair",3
"lame's",3
"lapse",3
"laptop",3
"lat",3
"lay",3
"leap",3
"leis",3
"lemme",3
"lengthen",3
"lesbian",3
"leukemia",3
"liable",3
"lifter",3
"likability",3
"lilian",3
"lime",3
"linguine",3
"lino",3
"lionize",3
"lipid",3
"litigation",3
"loaf",3
"loo",3
"loosen",3
"looseness",3
"lucre",3
"lulu",3
"macerate",3
"mag",3
"maidenhair",3
"malava",3
"mammalian",3
"mango",3
"manifest",3
"mantel",3
"mastitis",3
"maturity",3
"mayhem",3
"mckenzie",3
"medicare",3
"medicate",3
"medine",3
"melon",3
"memorialize",3
"mezzanine",3
"militia",3
"militiaman",3
"milkshake",3
"million",3
"mint",3
"minuet",3
"mistakenly",3
"mixture",3
"moat",3
"mocha",3
"monitor",3
"mono",3
"monoplane",3
"moor",3
"motility",3
"mount",3
"mouthpiece",3
"mt",3
"mtg",3
"multilingual",3
"muscular",3
"muzak",3
"mystique",3
"nab",3
"nae",3
"namesake",3
"nap",3
"narcosis",3
"ne",3
"nerve",3
"nitrite",3
"nob",3
"nonoccurence",3
"nookie",3
"north",3
"notyet",3
"noways",3
"numerous",3
"nursling",3
"obverse",3
"obvious",3
"ode's",3
"officer",3
"oneself",3
"onion",3
"ooze",3
"oping",3
"opportunity",3
"orient",3
"origin",3
"outfall",3
"outre",3
"overdo",3
"overweight",3
"packer",3
"pagan",3
"pal",3
"palsy",3
"pang",3
"papa",3
"paper",3
"parthenogenesis",3
"passage",3
"pate",3
"pause",3
"pdt",3
"peak",3
"pend",3
"pepper",3
"perfume",3
"pertain",3
"pessary",3
"pied",3
"pizzazz",3
"pms",3
"pol",3
"polite",3
"pongee",3
"postie",3
"postpone",3
"posture",3
"pout",3
"pr",3
"practitioner",3
"precise",3
"preference",3
"prematurely",3
"prescription",3
"preserve",3
"print",3
"productivity",3
"promote",3
"propellant",3
"prose",3
"protrude",3
"pudenda",3
"purple",3
"quadriceps",3
"qualify",3
"quantity",3
"quash",3
"rain",3
"ramekin",3
"randomly",3
"rarity",3
"rebuke",3
"recall",3
"receiver",3
"recent",3
"recover",3
"recuse",3
"reference",3
"reform",3
"regent",3
"relevant",3
"relief",3
"render",3
"repair",3
"repercussion",3
"representative",3
"requirement",3
"resistance",3
"revere",3
"revolution",3
"reward",3
"rig",3
"rim",3
"rival",3
"roamers",3
"robot",3
"rosy",3
"rue",3
"rule",3
"sad",3
"saga",3
"salver",3
"samba",3
"sanitary",3
"sap",3
"saucepan",3
"scar",3
"schedule",3
"schizo",3
"scientific",3
"scrub",3
"seaside",3
"secretion",3
"series",3
"severely",3
"sexting",3
"shad",3
"shale",3
"shamanism",3
"shes",3
"ship",3
"shorten",3
"shortfall",3
"sic",3
"sicken",3
"sicks",3
"silk",3
"silo",3
"simpatico",3
"sims",3
"sis",3
"slender",3
"slip",3
"smite",3
"smutty",3
"sour",3
"spasm",3
"spear",3
"specialist",3
"spell",3
"spirit",3
"sponsor",3
"standard",3
"sterilization",3
"stimulant",3
"stipend",3
"stock",3
"stool",3
"store",3
"strait",3
"stressor",3
"stupids",3
"subject",3
"subsidize",3
"sukiyaki",3
"sum",3
"surround",3
"suspicious",3
"swear",3
"syndrome",3
"tableware",3
"tan",3
"tee",3
"teeny",3
"telecast",3
"tempt",3
"thanes",3
"thew",3
"thirty",3
"thousand",3
"throw",3
"tibia",3
"tideways",3
"tier",3
"timeshare",3
"ting",3
"tiresome",3
"tissue",3
"tit",3
"toiler",3
"toked",3
"tongue",3
"tool",3
"torsion",3
"tot",3
"tow",3
"train",3
"translate",3
"tree",3
"trick",3
"tween",3
"twenty",3
"ugly",3
"ukase",3
"ukulele",3
"umbilical",3
"unalike",3
"unanswered",3
"uncircumcised",3
"unfortunate",3
"unit",3
"unlock",3
"unproductive",3
"unsatisfied",3
"urn",3
"useless",3
"usia",3
"usn",3
"uv",3
"vaccine",3
"van",3
"vapid",3
"vaseline",3
"vent",3
"vera",3
"vice",3
"vigorous",3
"vitamin",3
"war",3
"warez",3
"warn",3
"weaken",3
"weiss",3
"wetdreams",3
"whatsoever",3
"whee",3
"whey",3
"whiz",3
"wick",3
"witching",3
"wiz",3
"ww",3
"yell",3
"yid",3
"zoo",3
"aaa",2
"abbe",2
"abnormally",2
"abrupt",2
"absence",2
"abundantly",2
"acceptable",2
"accidental",2
"accordance",2
"accumulation",2
"acing",2
"acme",2
"adapt",2
"addition",2
"additional",2
"adept",2
"adipose",2
"admission",2
"admit",2
"adulator",2
"aerobics",2
"afar",2
"africa",2
"african",2
"afterglow",2
"agendum",2
"agreement",2
"ail",2
"aitch",2
"ak",2
"alfalfa",2
"alkalize",2
"allay",2
"allover",2
"allowance",2
"alms",2
"aloud",2
"alp",2
"amass",2
"ammo",2
"amoral",2
"ampicillin",2
"amulet",2
"amuse",2
"anatomy",2
"anemia",2
"anemic",2
"anew",2
"aniline",2
"ankle",2
"anne",2
"anotherone",2
"ant",2
"antaka",2
"anthill",2
"antipathy",2
"ap",2
"ape",2
"appendage",2
"application",2
"approximate",2
"apt",2
"ara",2
"argent",2
"argument",2
"armada",2
"arrange",2
"arty",2
"ascertain",2
"ashamed",2
"askance",2
"assiduity",2
"asthma",2
"astonish",2
"atlist",2
"atom",2
"attachment",2
"attractive",2
"audi",2
"aug",2
"auto",2
"autoimmune",2
"automatically",2
"autonomy",2
"aver",2
"awash",2
"ayala",2
"bacchanalian",2
"backbone",2
"background",2
"backpain",2
"bakeshop",2
"baldy",2
"bamboo",2
"bandage",2
"bang",2
"banzai",2
"batik",2
"battle",2
"bayou",2
"bead",2
"belie",2
"belief",2
"bellow",2
"bemuse",2
"berry",2
"bff",2
"bi",2
"biblical",2
"bide",2
"billiard",2
"biologically",2
"bis",2
"bitch",2
"blowjob",2
"bod's",2
"boo",2
"br",2
"breastmilk",2
"breed",2
"brisked",2
"bullion",2
"bundle",2
"buster",2
"buzz",2
"caffeine",2
"calking",2
"calks",2
"calorie",2
"calvin",2
"cambial",2
"cancel",2
"candidacy",2
"cane",2
"capture",2
"caress",2
"carousal",2
"carp",2
"casual",2
"causeway",2
"censer",2
"changeling",2
"charcoal",2
"charity",2
"cheek",2
"chemotherapy",2
"childbirth",2
"childhood",2
"chili's",2
"chiller",2
"chimeric",2
"china",2
"chiseler",2
"choroid",2
"christian",2
"christine",2
"chug",2
"circulate",2
"citation",2
"cleanse",2
"cleanser",2
"climatic",2
"clitoral",2
"cloth",2
"coed",2
"collapse",2
"colleague",2
"colorless",2
"colt",2
"combination",2
"comely",2
"comfort",2
"commence",2
"commissariat",2
"commit",2
"comprehend",2
"compute",2
"conductive",2
"conformation",2
"connection",2
"consent",2
"consist",2
"consistently",2
"constantly",2
"constituency",2
"consultation",2
"consumption",2
"contradict",2
"contraindication",2
"contraption",2
"convenience",2
"coo",2
"cook",2
"coot",2
"cop",2
"correction",2
"cough",2
"courage",2
"courageous",2
"courtship",2
"cozen",2
"creaminess",2
"crease",2
"cripes",2
"cruse",2
"cub",2
"curse",2
"curvature",2
"cuss",2
"cynthia",2
"cystitis",2
"dacha",2
"damask",2
"damp",2
"datum",2
"deary",2
"deceive",2
"defeat",2
"defense",2
"deformity",2
"deity",2
"demo",2
"denier",2
"department",2
"deport",2
"dept",2
"dermatologist",2
"deserve",2
"desperate",2
"desperately",2
"destroyer",2
"deter",2
"detergent",2
"diabetic",2
"diastase",2
"dickson",2
"dictate",2
"dinar",2
"diplopia",2
"dipso",2
"dis",2
"disappearance",2
"disaster",2
"disinterest",2
"dislocate",2
"disperse",2
"displace",2
"dispose",2
"dissolve",2
"distribute",2
"djellaba",2
"doctor's",2
"doctorate",2
"doggy",2
"donate",2
"donor",2
"doss",2
"douglas",2
"dryspell",2
"duck",2
"dung",2
"dunk",2
"duper",2
"earth",2
"ecclesial",2
"economy",2
"editable",2
"edith",2
"effect's",2
"eh",2
"election",2
"electric",2
"elemental",2
"emagency",2
"embryo",2
"emmanuel",2
"emo",2
"emotionally",2
"enamelware",2
"encouragement",2
"endanger",2
"endometrium",2
"enroll",2
"epilepsy",2
"eric",2
"eructing",2
"estimate",2
"estrangement",2
"etch",2
"etching",2
"ether",2
"event",2
"eventhough",2
"eventually",2
"ewe",2
"examination",2
"examine",2
"excellent",2
"excite",2
"expert",2
"expos",2
"facial",2
"facilitate",2
"fain",2
"faint",2
"fanfare",2
"fantastic",2
"farina",2
"fatness",2
"fault",2
"flan",2
"flippant",2
"floor",2
"fluctuate",2
"foe",2
"follicle",2
"font",2
"fool",2
"forbid",2
"forgive",2
"formula",2
"forte",2
"frat",2
"fred",2
"frigid",2
"frolic",2
"fud",2
"functional",2
"fund",2
"fungus",2
"fut",2
"gamete",2
"gander",2
"garland",2
"garlic",2
"gaucho",2
"gauziness",2
"gayism",2
"gear",2
"generate",2
"genesis",2
"gild",2
"gin",2
"gingering",2
"gingivitis",2
"glace",2
"glans",2
"glaze",2
"gloat",2
"glow",2
"godfather",2
"goodmorning",2
"goody",2
"grace",2
"gradually",2
"grain",2
"greatfull",2
"grue",2
"guard",2
"guidance",2
"gym",2
"habitat",2
"habitual",2
"hail",2
"halfway",2
"hallow",2
"hardy",2
"harsh",2
"hast",2
"haulier",2
"haunt",2
"hawkish",2
"hazardous",2
"heartbroken",2
"heave",2
"hectic",2
"hemoglobin",2
"henceforth",2
"hep",2
"herbalist",2
"hereditary",2
"hide",2
"hideaway",2
"hint",2
"homo",2
"homorn",2
"hop",2
"hos",2
"howmany",2
"http",2
"hub",2
"humanism",2
"humiliate",2
"hydroplane",2
"icky",2
"identical",2
"idiot",2
"ignite",2
"illuminate",2
"immensely",2
"immunization",2
"imp's",2
"impair",2
"impatient",2
"imperfect",2
"improper",2
"improvement",2
"inability",2
"inanimateness",2
"inanity",2
"inclusive",2
"income",2
"inconvenience",2
"indicator",2
"induct",2
"ineluctable",2
"inevitable",2
"infest",2
"inhibit",2
"inhuman",2
"initialization",2
"inkwell",2
"inlove",2
"inquiry",2
"insecure",2
"instruct",2
"insurance",2
"intake",2
"interaction",2
"intercause",2
"internal",2
"internship",2
"intervention",2
"intro",2
"introduction",2
"invest",2
"ion",2
"irresistible",2
"isthe",2
"jadell",2
"jam",2
"jana",2
"jaundice",2
"jejunum",2
"jig",2
"jock",2
"jujube",2
"jut",2
"kaddish",2
"karat",2
"kayaking",2
"kayo",2
"keel",2
"kibbutz",2
"kinsman",2
"kitale",2
"kn",2
"knee",2
"kook",2
"labium",2
"lama",2
"lanolin",2
"lanterned",2
"lash",2
"launch",2
"law",2
"lawful",2
"lax",2
"layer",2
"laziness",2
"learner",2
"lecture",2
"lend",2
"levi",2
"lieu",2
"lily",2
"liniment",2
"linkage",2
"lipstick",2
"liquor",2
"litmus",2
"liver's",2
"lng",2
"lock",2
"locus",2
"longtime",2
"loured",2
"lovehim",2
"loyal",2
"lt",2
"lubricate",2
"lure",2
"lydia",2
"lynch",2
"macing",2
"magma",2
"magus",2
"maharishi",2
"malnutrition",2
"mam",2
"mammoth",2
"mandatory",2
"manginess",2
"manifestation",2
"mantis",2
"manufacture",2
"mare",2
"margaret",2
"marge",2
"marital",2
"massive",2
"mastabating",2
"master",2
"mastermind",2
"max",2
"mcdonald",2
"medically",2
"medicen",2
"meek",2
"meg",2
"meme",2
"mendelevium",2
"mentor",2
"mercury",2
"messenger",2
"meth",2
"micro",2
"midday",2
"mikado",2
"mike",2
"miniature",2
"minimalism",2
"minstrelsy",2
"misbehave",2
"mitosis",2
"moan",2
"modern",2
"moo",2
"moral",2
"mordant",2
"morn",2
"mouthwash",2
"mukluk",2
"multiply",2
"multivitamin",2
"mummy",2
"mun",2
"mung",2
"musco",2
"muse",2
"mutation",2
"nag",2
"naif",2
"nameable",2
"nameplate",2
"national",2
"nemesis",2
"nephritic",2
"nether",2
"newborn",2
"nib",2
"niece",2
"nil",2
"nip",2
"nitrate",2
"nolonger",2
"noncombat",2
"nonreciprocal",2
"noplant",2
"normalize",2
"note's",2
"nth",2
"nuisance",2
"nun",2
"nutrient",2
"nutrition",2
"obsess",2
"od",2
"odom",2
"odorless",2
"offline",2
"offspring",2
"oft",2
"oi",2
"oik",2
"oncoming",2
"onetime",2
"online",2
"opes",2
"orality",2
"orally",2
"orb",2
"organism",2
"organize",2
"orientation",2
"original",2
"originate",2
"ortho",2
"osmosis",2
"ovule",2
"owner",2
"p's",2
"pace",2
"package",2
"paganism",2
"pale",2
"panache",2
"panda",2
"panel",2
"pantie",2
"panza",2
"paracetamol",2
"parasol",2
"partake",2
"pathetic",2
"patience",2
"patna",2
"pavilion",2
"payer",2
"pd",2
"pebble",2
"peck",2
"peek",2
"pen",2
"penny",2
"periodic",2
"peyote",2
"photo",2
"phreaking",2
"pier",2
"pigment",2
"piking",2
"pill's",2
"pilot",2
"ping",2
"pix",2
"playbill",2
"plaza",2
"plinth",2
"ply",2
"poet",2
"police",2
"policy",2
"polycystic",2
"pool",2
"pop",2
"pork",2
"pornographic",2
"port",2
"portrait",2
"portray",2
"poster",2
"postilion",2
"potion",2
"pp",2
"prat",2
"prayer",2
"preconceive",2
"preferably",2
"primary",2
"prince",2
"prior",2
"priority",2
"pro",2
"profession",2
"progesterone",2
"prohibit",2
"prominent",2
"promptly",2
"pron",2
"pronounce",2
"prostitute",2
"provender",2
"provision",2
"pry",2
"psoriasis",2
"psychology",2
"puget",2
"pules",2
"pup",2
"puss",2
"pyelonephritis",2
"pyre",2
"pzazz",2
"quake",2
"quest",2
"questioner",2
"questionnaire",2
"quid",2
"quin",2
"race",2
"rad",2
"raid",2
"rampant",2
"raven",2
"ravine",2
"ray",2
"reality",2
"ream",2
"recede",2
"recharge",2
"recognize",2
"recyclable",2
"redact",2
"reduction",2
"registration",2
"regnant",2
"regret",2
"rel",2
"relative",2
"reliever",2
"relisting",2
"reminder",2
"remit",2
"remover",2
"repeatedly",2
"replication",2
"reproductivehealthy",2
"resits",2
"respective",2
"restore",2
"reveal",2
"rife",2
"rift",2
"rime",2
"river",2
"robe",2
"rod",2
"roll",2
"rope",2
"roughness",2
"rowan",2
"rube",2
"rudiment",2
"rumor",2
"rural",2
"sabras",2
"sallow",2
"salon",2
"salt",2
"sam",2
"samuel",2
"saver",2
"scat",2
"scenario",2
"schwa",2
"scientifically",2
"scum",2
"sdi",2
"secondary",2
"secrete",2
"secretly",2
"security",2
"secy",2
"selfsame",2
"sense",2
"sensitivity",2
"separation",2
"septet",2
"sere",2
"sever",2
"shading",2
"shakiness",2
"shindig",2
"shingle",2
"shiver",2
"shoeshine",2
"shop",2
"shortness",2
"shortterm",2
"shpt",2
"shut",2
"shyness",2
"side effects",2
"sideman",2
"sigma",2
"silt",2
"simulate",2
"singalong",2
"sip",2
"situate",2
"sixteen",2
"skinny",2
"skull",2
"slippery",2
"sneakily",2
"sneeze",2
"soc",2
"sock",2
"sofa",2
"soil",2
"sole",2
"someday",2
"someplace",2
"somewomen",2
"sonatina",2
"sop",2
"soreness",2
"spade",2
"specif",2
"spermatozoon",2
"spermcount",2
"spermduct",2
"spill",2
"spiritually",2
"spool",2
"sq",2
"sriracha",2
"stabilize",2
"stacy",2
"stammer",2
"stampede",2
"stanza",2
"stem",2
"steno",2
"steppingstone",2
"sterility",2
"steve",2
"stiff",2
"stillbirth",2
"sting",2
"stink",2
"stomachaches",2
"stoop",2
"straightener",2
"strengthen",2
"stretchmarks",2
"strict",2
"strike",2
"structure",2
"stud",2
"subcounty",2
"subscribe",2
"successfully",2
"sucker",2
"suckle",2
"sufficient",2
"suite",2
"sulfuric",2
"sundae",2
"supplement",2
"surprisingly",2
"susan",2
"susceptible",2
"swelling",2
"symbolize",2
"synthesis",2
"tammy",2
"tank",2
"tanzania",2
"tapeworm",2
"tatami",2
"tear's",2
"tease",2
"teaser",2
"ted",2
"tendon",2
"terrible",2
"tetanus",2
"textually",2
"thalamus",2
"thallium",2
"that'd",2
"thatcher",2
"theory",2
"therapy",2
"thesis's",2
"throe",2
"thud",2
"thyroid",2
"ti",2
"tic",2
"timepiece",2
"tn",2
"tobacco",2
"toe",2
"toil",2
"tote",2
"toughly",2
"toxicity",2
"tradition",2
"traditional",2
"trail",2
"transfusion",2
"trend",2
"trichina",2
"trigger",2
"trio",2
"tropical",2
"trouble",2
"trustworthy",2
"tuberculosis",2
"tubing",2
"tubule",2
"tue",2
"tum",2
"turbofan",2
"tutu",2
"twelve",2
"twist",2
"uaw",2
"uganda",2
"ulna",2
"ult",2
"ultimatum",2
"umber",2
"ummm",2
"unanimity",2
"unassuming",2
"unavoidably",2
"unbalance",2
"uncaring",2
"uncontrolled",2
"underage",2
"unending",2
"unfailing",2
"uni",2
"uninfected",2
"unique",2
"unmanageable",2
"unmeaning",2
"untie",2
"unwell",2
"upset",2
"urethral",2
"user's",2
"usu",2
"utilitarianism",2
"utilize",2
"valedictorian",2
"valve",2
"vanity",2
"vend",2
"verge",2
"verse",2
"version",2
"vg",2
"vi",2
"vicuna",2
"video",2
"vie",2
"viii",2
"vine",2
"viral",2
"vision",2
"vizier",2
"vol",2
"wack",2
"wacko",2
"wanton",2
"warlord",2
"wartime",2
"washbasin",2
"watt",2
"wealthy",2
"website",2
"wedlock",2
"wee",2
"weenie",2
"weeny",2
"weep",2
"welkin",2
"wetness",2
"wheezy",2
"whoa",2
"wight",2
"wii",2
"wiki",2
"wile",2
"willies",2
"winnie",2
"wiry",2
"wold",2
"womanizer",2
"womanlike",2
"wonted",2
"worker",2
"worktable",2
"wroth",2
"yak",2
"ye",2
"zany",2
"zap",2
"zit",2
"zygote",2
"omitted",1
"omitted",1
"omitted",1
"omitted",1
"omitted",1
"omitted",1
"omitted",1
"omitted",1
"omitted",1
"omitted",1
"omitted",1
"omitted",1
"omitted",1
"omitted",1
"omitted",1
"omitted",1
"omitted",1
"omitted",1
"omitted",1
"omitted",1
"omitted",1
"omitted",1
"omitted",1
"omitted",1
"omitted",1
"omitted",1
"omitted",1
"omitted",1
"omitted",1
"omitted",1
"omitted",1
"omitted",1
"omitted",1
"omitted",1
"omitted",1
"omitted",1
"omitted",1
"omitted",1
"omitted",1
"omitted",1
"omitted",1
"omitted",1
"omitted",1
"omitted",1
"omitted",1
"omitted",1
"omitted",1
"omitted",1
"omitted",1
"omitted",1
"omitted",1
"omitted",1
"omitted",1
"omitted",1
"omitted",1
"omitted",1
"omitted",1
"omitted",1
"omitted",1
"omitted",1
"omitted",1
"omitted",1
"omitted",1
"omitted",1
"omitted",1
"omitted",1
"omitted",1
"omitted",1
"omitted",1
"omitted",1
"omitted",1
"omitted",1
"omitted",1
"omitted",1
"omitted",1
"omitted",1
"omitted",1
"omitted",1
"omitted",1
"omitted",1
"omitted",1
"omitted",1
"omitted",1
"omitted",1
"omitted",1
"omitted",1
"omitted",1
"omitted",1
"omitted",1
"omitted",1
"omitted",1
"omitted",1
"omitted",1
"omitted",1
"omitted",1
"omitted",1
"omitted",1
"omitted",1
"omitted",1
"omitted",1
"omitted",1
"omitted",1
"omitted",1
"omitted",1
"omitted",1
"omitted",1
"omitted",1
"omitted",1
"omitted",1
"omitted",1
"omitted",1
"omitted",1
"omitted",1
"omitted",1
"omitted",1
"omitted",1
"omitted",1
"omitted",1
"omitted",1
"omitted",1
"omitted",1
"omitted",1
"omitted",1
"omitted",1
"omitted",1
"omitted",1
"omitted",1
"omitted",1
"omitted",1
"omitted",1
"omitted",1
"omitted",1
"omitted",1
"omitted",1
"omitted",1
"omitted",1
"omitted",1
"omitted",1
"omitted",1
"omitted",1
"omitted",1
"omitted",1
"omitted",1
"omitted",1
"omitted",1
"omitted",1
"omitted",1
"omitted",1
"omitted",1
"omitted",1
"omitted",1
"omitted",1
"omitted",1
"omitted",1
"omitted",1
"omitted",1
"omitted",1
"omitted",1
"omitted",1
"omitted",1
"omitted",1
"omitted",1
"omitted",1
"omitted",1
"omitted",1
"omitted",1
"omitted",1
"omitted",1
"omitted",1
"omitted",1
"omitted",1
"omitted",1
"omitted",1
"omitted",1
"omitted",1
"omitted",1
"omitted",1
"omitted",1
"omitted",1
"omitted",1
"omitted",1
"omitted",1
"omitted",1
"omitted",1
"omitted",1
"omitted",1
"omitted",1
"omitted",1
"omitted",1
"omitted",1
"omitted",1
"omitted",1
"omitted",1
"omitted",1
"omitted",1
"omitted",1
"omitted",1
"omitted",1
"omitted",1
"omitted",1
"omitted",1
"omitted",1
"omitted",1
"omitted",1
"omitted",1
"omitted",1
"omitted",1
"omitted",1
"omitted",1
"omitted",1
"omitted",1
"omitted",1
"omitted",1
"omitted",1
"omitted",1
"omitted",1
"omitted",1
"omitted",1
"omitted",1
"omitted",1
"omitted",1
"omitted",1
"omitted",1
"omitted",1
"omitted",1
"omitted",1
"omitted",1
"omitted",1
"omitted",1
"omitted",1
"omitted",1
"omitted",1
"omitted",1
"omitted",1
"omitted",1
"omitted",1
"omitted",1
"omitted",1
"omitted",1
"omitted",1
"omitted",1
"omitted",1
"omitted",1
"omitted",1
"omitted",1
"omitted",1
"omitted",1
"omitted",1
"omitted",1
"omitted",1
"omitted",1
"omitted",1
"omitted",1
"omitted",1
"omitted",1
"omitted",1
"omitted",1
"omitted",1
"omitted",1
"omitted",1
"omitted",1
"omitted",1
"omitted",1
"omitted",1
"omitted",1
"omitted",1
"omitted",1
"omitted",1
"omitted",1
"omitted",1
"omitted",1
"omitted",1
"omitted",1
"omitted",1
"omitted",1
"omitted",1
"omitted",1
"omitted",1
"omitted",1
"omitted",1
"omitted",1
"omitted",1
"omitted",1
"omitted",1
"omitted",1
"omitted",1
"omitted",1
"omitted",1
"omitted",1
"omitted",1
"omitted",1
"omitted",1
"omitted",1
"omitted",1
"omitted",1
"omitted",1
"omitted",1
"omitted",1
"omitted",1
"omitted",1
"omitted",1
"omitted",1
"omitted",1
"omitted",1
"omitted",1
"omitted",1
"omitted",1
"omitted",1
"omitted",1
"omitted",1
"omitted",1
"omitted",1
"omitted",1
"omitted",1
"omitted",1
"omitted",1
"omitted",1
"omitted",1
"omitted",1
"omitted",1
"omitted",1
"omitted",1
"omitted",1
"omitted",1
"omitted",1
"omitted",1
"omitted",1
"omitted",1
"omitted",1
"omitted",1
"omitted",1
"omitted",1
"omitted",1
"omitted",1
"omitted",1
"omitted",1
"omitted",1
"omitted",1
"omitted",1
"omitted",1
"omitted",1
"omitted",1
"omitted",1
"omitted",1
"omitted",1
"omitted",1
"omitted",1
"omitted",1
"omitted",1
"omitted",1
"omitted",1
"omitted",1
"omitted",1
"omitted",1
"omitted",1
"omitted",1
"omitted",1
"omitted",1
"omitted",1
"omitted",1
"omitted",1
"omitted",1
"omitted",1
"omitted",1
"omitted",1
"omitted",1
"omitted",1
"omitted",1
"omitted",1
"omitted",1
"omitted",1
"omitted",1
"omitted",1
"omitted",1
"omitted",1
"omitted",1
"omitted",1
"omitted",1
"omitted",1
"omitted",1
"omitted",1
"omitted",1
"omitted",1
"omitted",1
"omitted",1
"omitted",1
"omitted",1
"omitted",1
"omitted",1
"omitted",1
"omitted",1
"omitted",1
"omitted",1
"omitted",1
"omitted",1
"omitted",1
"omitted",1
"omitted",1
"omitted",1
"omitted",1
"omitted",1
"omitted",1
"omitted",1
"omitted",1
"omitted",1
"omitted",1
"omitted",1
"omitted",1
"omitted",1
"omitted",1
"omitted",1
"omitted",1
"omitted",1
"omitted",1
"omitted",1
"omitted",1
"omitted",1
"omitted",1
"omitted",1
"omitted",1
"omitted",1
"omitted",1
"omitted",1
"omitted",1
"omitted",1
"omitted",1
"omitted",1
"omitted",1
"omitted",1
"omitted",1
"omitted",1
"omitted",1
"omitted",1
"omitted",1
"omitted",1
"omitted",1
"omitted",1
"omitted",1
"omitted",1
"omitted",1
"omitted",1
"omitted",1
"omitted",1
"omitted",1
"omitted",1
"omitted",1
"omitted",1
"omitted",1
"omitted",1
"omitted",1
"omitted",1
"omitted",1
"omitted",1
"omitted",1
"omitted",1
"omitted",1
"omitted",1
"omitted",1
"omitted",1
"omitted",1
"omitted",1
"omitted",1
"omitted",1
"omitted",1
"omitted",1
"omitted",1
"omitted",1
"omitted",1
"omitted",1
"omitted",1
"omitted",1
"omitted",1
"omitted",1
"omitted",1
"omitted",1
"omitted",1
"omitted",1
"omitted",1
"omitted",1
"omitted",1
"omitted",1
"omitted",1
"omitted",1
"omitted",1
"omitted",1
"omitted",1
"omitted",1
"omitted",1
"omitted",1
"omitted",1
"omitted",1
"omitted",1
"omitted",1
"omitted",1
"omitted",1
"omitted",1
"omitted",1
"omitted",1
"omitted",1
"omitted",1
"omitted",1
"omitted",1
"omitted",1
"omitted",1
"omitted",1
"omitted",1
"omitted",1
"omitted",1
"omitted",1
"omitted",1
"omitted",1
"omitted",1
"omitted",1
"omitted",1
"omitted",1
"omitted",1
"omitted",1
"omitted",1
"omitted",1
"omitted",1
"omitted",1
"omitted",1
"omitted",1
"omitted",1
"omitted",1
"omitted",1
"omitted",1
"omitted",1
"omitted",1
"omitted",1
"omitted",1
"omitted",1
"omitted",1
"omitted",1
"omitted",1
"omitted",1
"omitted",1
"omitted",1
"omitted",1
"omitted",1
"omitted",1
"omitted",1
"omitted",1
"omitted",1
"omitted",1
"omitted",1
"omitted",1
"omitted",1
"omitted",1
"omitted",1
"omitted",1
"omitted",1
"omitted",1
"omitted",1
"omitted",1
"omitted",1
"omitted",1
"omitted",1
"omitted",1
"omitted",1
"omitted",1
"omitted",1
"omitted",1
"omitted",1
"omitted",1
"omitted",1
"omitted",1
"omitted",1
"omitted",1
"omitted",1
"omitted",1
"omitted",1
"omitted",1
"omitted",1
"omitted",1
"omitted",1
"omitted",1
"omitted",1
"omitted",1
"omitted",1
"omitted",1
"omitted",1
"omitted",1
"omitted",1
"omitted",1
"omitted",1
"omitted",1
"omitted",1
"omitted",1
"omitted",1
"omitted",1
"omitted",1
"omitted",1
"omitted",1
"omitted",1
"omitted",1
"omitted",1
"omitted",1
"omitted",1
"omitted",1
"omitted",1
"omitted",1
"omitted",1
"omitted",1
"omitted",1
"omitted",1
"omitted",1
"omitted",1
"omitted",1
"omitted",1
"omitted",1
"omitted",1
"omitted",1
"omitted",1
"omitted",1
"omitted",1
"omitted",1
"omitted",1
"omitted",1
"omitted",1
"omitted",1
"omitted",1
"omitted",1
"omitted",1
"omitted",1
"omitted",1
"omitted",1
"omitted",1
"omitted",1
"omitted",1
"omitted",1
"omitted",1
"omitted",1
"omitted",1
"omitted",1
"omitted",1
"omitted",1
"omitted",1
"omitted",1
"omitted",1
"omitted",1
"omitted",1
"omitted",1
"omitted",1
"omitted",1
"omitted",1
"omitted",1
"omitted",1
"omitted",1
"omitted",1
"omitted",1
"omitted",1
"omitted",1
"omitted",1
"omitted",1
"omitted",1
"omitted",1
"omitted",1
"omitted",1
"omitted",1
"omitted",1
"omitted",1
"omitted",1
"omitted",1
"omitted",1
"omitted",1
"omitted",1
"omitted",1
"omitted",1
"omitted",1
"omitted",1
"omitted",1
"omitted",1
"omitted",1
"omitted",1
"omitted",1
"omitted",1
"omitted",1
"omitted",1
"omitted",1
"omitted",1
"omitted",1
"omitted",1
"omitted",1
"omitted",1
"omitted",1
"omitted",1
"omitted",1
"omitted",1
"omitted",1
"omitted",1
"omitted",1
"omitted",1
"omitted",1
"omitted",1
"omitted",1
"omitted",1
"omitted",1
"omitted",1
"omitted",1
"omitted",1
"omitted",1
"omitted",1
"omitted",1
"omitted",1
"omitted",1
"omitted",1
"omitted",1
"omitted",1
"omitted",1
"omitted",1
"omitted",1
"omitted",1
"omitted",1
"omitted",1
"omitted",1
"omitted",1
"omitted",1
"omitted",1
"omitted",1
"omitted",1
"omitted",1
"omitted",1
"omitted",1
"omitted",1
"omitted",1
"omitted",1
"omitted",1
"omitted",1
"omitted",1
"omitted",1
"omitted",1
"omitted",1
"omitted",1
"omitted",1
"omitted",1
"omitted",1
"omitted",1
"omitted",1
"omitted",1
"omitted",1
"omitted",1
"omitted",1
"omitted",1
"omitted",1
"omitted",1
"omitted",1
"omitted",1
"omitted",1
"omitted",1
"omitted",1
"omitted",1
"omitted",1
"omitted",1
"omitted",1
"omitted",1
"omitted",1
"omitted",1
"omitted",1
"omitted",1
"omitted",1
"omitted",1
"omitted",1
"omitted",1
"omitted",1
"omitted",1
"omitted",1
"omitted",1
"omitted",1
"omitted",1
"omitted",1
"omitted",1
"omitted",1
"omitted",1
"omitted",1
"omitted",1
"omitted",1
"omitted",1
"omitted",1
"omitted",1
"omitted",1
"omitted",1
"omitted",1
"omitted",1
"omitted",1
"omitted",1
"omitted",1
"omitted",1
"omitted",1
"omitted",1
"omitted",1
"omitted",1
"omitted",1
"omitted",1
"omitted",1
"omitted",1
"omitted",1
"omitted",1
"omitted",1
"omitted",1
"omitted",1
"omitted",1
"omitted",1
"omitted",1
"omitted",1
"omitted",1
"omitted",1
"omitted",1
"omitted",1
"omitted",1
"omitted",1
"omitted",1
"omitted",1
"omitted",1
"omitted",1
"omitted",1
"omitted",1
"omitted",1
"omitted",1
"omitted",1
"omitted",1
"omitted",1
"omitted",1
"omitted",1
"omitted",1
"omitted",1
"omitted",1
"omitted",1
"omitted",1
"omitted",1
"omitted",1
"omitted",1
"omitted",1
"omitted",1
"omitted",1
"omitted",1
"omitted",1
"omitted",1
"omitted",1
"omitted",1
"omitted",1
"omitted",1
"omitted",1
"omitted",1
"omitted",1
"omitted",1
"omitted",1
"omitted",1
"omitted",1
"omitted",1
"omitted",1
"omitted",1
"omitted",1
"omitted",1
"omitted",1
"omitted",1
"omitted",1
"omitted",1
"omitted",1
"omitted",1
"omitted",1
"omitted",1
"omitted",1
"omitted",1
"omitted",1
"omitted",1
"omitted",1
"omitted",1
"omitted",1
"omitted",1
"omitted",1
"omitted",1
"omitted",1
"omitted",1
"omitted",1
"omitted",1
"omitted",1
"omitted",1
"omitted",1
"omitted",1
"omitted",1
"omitted",1
"omitted",1
"omitted",1
"omitted",1
"omitted",1
"omitted",1
"omitted",1
"omitted",1
"omitted",1
"omitted",1
"omitted",1
"omitted",1
"omitted",1
"omitted",1
"omitted",1
"omitted",1
"omitted",1
"omitted",1
"omitted",1
"omitted",1
"omitted",1
"omitted",1
"omitted",1
"omitted",1
"omitted",1
"omitted",1
"omitted",1
"omitted",1
"omitted",1
"omitted",1
"omitted",1
"omitted",1
"omitted",1
"omitted",1
"omitted",1
"omitted",1
"omitted",1
"omitted",1
"omitted",1
"omitted",1
"omitted",1
"omitted",1
"omitted",1
"omitted",1
"omitted",1
"omitted",1
"omitted",1
"omitted",1
"omitted",1
"omitted",1
"omitted",1
"omitted",1
"omitted",1
"omitted",1
"omitted",1
"omitted",1
"omitted",1
"omitted",1
"omitted",1
"omitted",1
"omitted",1
"omitted",1
"omitted",1
"omitted",1
"omitted",1
"omitted",1
"omitted",1
"omitted",1
"omitted",1
"omitted",1
"omitted",1
"omitted",1
"omitted",1
"omitted",1
"omitted",1
"omitted",1
"omitted",1
"omitted",1
"omitted",1
"omitted",1
"omitted",1
"omitted",1
"omitted",1
"omitted",1
"omitted",1
"omitted",1
"omitted",1
"omitted",1
"omitted",1
"omitted",1
"omitted",1
"omitted",1
"omitted",1
"omitted",1
"omitted",1
"omitted",1
"omitted",1
"omitted",1
"omitted",1
"omitted",1
"omitted",1
"omitted",1
"omitted",1
"omitted",1
"omitted",1
"omitted",1
"omitted",1
"omitted",1
"omitted",1
"omitted",1
"omitted",1
"omitted",1
"omitted",1
"omitted",1
"omitted",1
"omitted",1
"omitted",1
"omitted",1
"omitted",1
"omitted",1
"omitted",1
"omitted",1
"omitted",1
"omitted",1
"omitted",1
"omitted",1
"omitted",1
"omitted",1
"omitted",1
"omitted",1
"omitted",1
"omitted",1
"omitted",1
"omitted",1
"omitted",1
"omitted",1
"omitted",1
"omitted",1
"omitted",1
"omitted",1
"omitted",1
"omitted",1
"omitted",1
"omitted",1
"omitted",1
"omitted",1
"omitted",1
"omitted",1
"omitted",1
"omitted",1
"omitted",1
"omitted",1
"omitted",1
"omitted",1
"omitted",1
"omitted",1
"omitted",1
"omitted",1
"omitted",1
"omitted",1
"omitted",1
"omitted",1
"omitted",1
"omitted",1
"omitted",1
"omitted",1
"omitted",1
"omitted",1
"omitted",1
"omitted",1
"omitted",1
"omitted",1
"omitted",1
"omitted",1
"omitted",1
"omitted",1
"omitted",1
"omitted",1
"omitted",1
"omitted",1
"omitted",1
"omitted",1
"omitted",1
"omitted",1
"omitted",1
"omitted",1
"omitted",1
"omitted",1
"omitted",1
"omitted",1
"omitted",1
"omitted",1
"omitted",1
"omitted",1
"omitted",1
"omitted",1
"omitted",1
"omitted",1
"omitted",1
"omitted",1
"omitted",1
"omitted",1
"omitted",1
"omitted",1
"omitted",1
"omitted",1
"omitted",1
"omitted",1
"omitted",1
"omitted",1
"omitted",1
"omitted",1
"omitted",1
"omitted",1
"omitted",1
"omitted",1
"omitted",1
"omitted",1
"omitted",1
"omitted",1
"omitted",1
"omitted",1
"omitted",1
"omitted",1
"omitted",1
"omitted",1
"omitted",1
"omitted",1
"omitted",1
"omitted",1
"omitted",1
"omitted",1
"omitted",1
"omitted",1
"omitted",1
"omitted",1
"omitted",1
"omitted",1
"omitted",1
"omitted",1
"omitted",1
"omitted",1
"omitted",1
"omitted",1
"omitted",1
"omitted",1
"omitted",1
"omitted",1
"omitted",1
"omitted",1
"omitted",1
"omitted",1
"omitted",1
"omitted",1
"omitted",1
"omitted",1
"omitted",1
"omitted",1
"omitted",1
"omitted",1
"omitted",1
"omitted",1
"omitted",1
"omitted",1
"omitted",1
"omitted",1
"omitted",1
"omitted",1
"omitted",1
"omitted",1
"omitted",1
"omitted",1
"omitted",1
"omitted",1
"omitted",1
"omitted",1
"omitted",1
"omitted",1
"omitted",1
"omitted",1
"omitted",1
"omitted",1
"omitted",1
"omitted",1
"omitted",1
"omitted",1
"omitted",1
"omitted",1
"omitted",1
"omitted",1
"omitted",1
"omitted",1
"omitted",1
"omitted",1
"omitted",1
"omitted",1
"omitted",1
"omitted",1
"omitted",1
"omitted",1
"omitted",1
"omitted",1
"omitted",1
"omitted",1
"omitted",1
"omitted",1
"omitted",1
"omitted",1
"omitted",1
"omitted",1
"omitted",1
"omitted",1
"omitted",1
"omitted",1
"omitted",1
"omitted",1
"omitted",1
"omitted",1
"omitted",1
"omitted",1
"omitted",1
"omitted",1
"omitted",1
"omitted",1
"omitted",1
"omitted",1
"omitted",1
"omitted",1
"omitted",1
"omitted",1
"omitted",1
"omitted",1
"omitted",1
"omitted",1
"omitted",1
"omitted",1
"omitted",1
"omitted",1
"omitted",1
"omitted",1
"omitted",1
"omitted",1
"omitted",1
"omitted",1
"omitted",1
"omitted",1
"omitted",1
"omitted",1
"omitted",1
"omitted",1
"omitted",1
"omitted",1
"omitted",1
"omitted",1
"omitted",1
"omitted",1
"omitted",1
"omitted",1
"omitted",1
"omitted",1
"omitted",1
"omitted",1
"omitted",1
"omitted",1
"omitted",1
"omitted",1
"omitted",1
"omitted",1
"omitted",1
"omitted",1
"omitted",1
"omitted",1
"omitted",1
"omitted",1
"omitted",1
"omitted",1
"omitted",1
"omitted",1
"omitted",1
"omitted",1
"omitted",1
"omitted",1
"omitted",1
"omitted",1
"omitted",1
"omitted",1
"omitted",1
"omitted",1
"omitted",1
"omitted",1
"omitted",1
"omitted",1
"omitted",1
"omitted",1
"omitted",1
"omitted",1
"omitted",1
"omitted",1
"omitted",1
"omitted",1
"omitted",1
"omitted",1
"omitted",1
"omitted",1
"omitted",1
"omitted",1
"omitted",1
"omitted",1
"omitted",1
"omitted",1
"omitted",1
"omitted",1
"omitted",1
"omitted",1
"omitted",1
"omitted",1
"omitted",1
"omitted",1
"omitted",1
"omitted",1
"omitted",1
"omitted",1
"omitted",1
"omitted",1
"omitted",1
"omitted",1
"omitted",1
"omitted",1
"omitted",1
"omitted",1
"omitted",1
"omitted",1
"omitted",1
"omitted",1
"omitted",1
"omitted",1
"omitted",1
"omitted",1
"omitted",1
"omitted",1
"omitted",1
"omitted",1
"omitted",1
"omitted",1
"omitted",1
"omitted",1
"omitted",1
"omitted",1
"omitted",1
"omitted",1
"omitted",1
"omitted",1
"omitted",1
"omitted",1
"omitted",1
"omitted",1
"omitted",1
"omitted",1
"omitted",1
"omitted",1
"omitted",1
"omitted",1
"omitted",1
"omitted",1
"omitted",1
"omitted",1
"omitted",1
"omitted",1
"omitted",1
"omitted",1
"omitted",1
"omitted",1
"omitted",1
"omitted",1
"omitted",1
"omitted",1
"omitted",1
"omitted",1
"omitted",1
"omitted",1
"omitted",1
"omitted",1
"omitted",1
"omitted",1
"omitted",1
"omitted",1
"omitted",1
"omitted",1
"omitted",1
"omitted",1
"omitted",1
"omitted",1
"omitted",1
"omitted",1
"omitted",1
"omitted",1
"omitted",1
"omitted",1
"omitted",1
"omitted",1
"omitted",1
"omitted",1
"omitted",1
"omitted",1
"omitted",1
"omitted",1
"omitted",1
"omitted",1
"omitted",1
"omitted",1
"omitted",1
"omitted",1
"omitted",1
"omitted",1
"omitted",1
"omitted",1
"omitted",1
"omitted",1
"omitted",1
"omitted",1
"omitted",1
"omitted",1
"omitted",1
"omitted",1
"omitted",1
"omitted",1
"omitted",1
"omitted",1
"omitted",1
"omitted",1
"omitted",1
"omitted",1
"omitted",1
"omitted",1
"omitted",1
"omitted",1
"omitted",1
"omitted",1
"omitted",1
"omitted",1
"omitted",1
"omitted",1
"omitted",1
"omitted",1
"omitted",1
"omitted",1
"omitted",1
"omitted",1
"omitted",1
"omitted",1
"omitted",1
"omitted",1
"omitted",1
"omitted",1
"omitted",1
"omitted",1
"omitted",1
"omitted",1
"omitted",1
"omitted",1
"omitted",1
"omitted",1
"omitted",1
"omitted",1
"omitted",1
"omitted",1
"omitted",1
"omitted",1
"omitted",1
"omitted",1
"omitted",1
"omitted",1
"omitted",1
"omitted",1
"omitted",1
"omitted",1
"omitted",1
"omitted",1
"omitted",1
"omitted",1
"omitted",1
"omitted",1
"omitted",1
"omitted",1
"omitted",1
"omitted",1
"omitted",1
"omitted",1
"omitted",1
"omitted",1
"omitted",1
"omitted",1
"omitted",1
"omitted",1
"omitted",1
"omitted",1
"omitted",1
"omitted",1
"omitted",1
"omitted",1
"omitted",1
"omitted",1
"omitted",1
"omitted",1
"omitted",1
"omitted",1
"omitted",1
"omitted",1
"omitted",1
"omitted",1
"omitted",1
"omitted",1
"omitted",1
"omitted",1
"omitted",1
"omitted",1
"omitted",1
"omitted",1
"omitted",1
"omitted",1
"omitted",1
"omitted",1
"omitted",1
"omitted",1
"omitted",1
"omitted",1
"omitted",1
"omitted",1
"omitted",1
"omitted",1
"omitted",1
"omitted",1
"omitted",1
"omitted",1
"omitted",1
"omitted",1
"omitted",1
"omitted",1
"omitted",1
"omitted",1
"omitted",1
"omitted",1
"omitted",1
"omitted",1
"omitted",1
"omitted",1
"omitted",1
"omitted",1
"omitted",1
"omitted",1
"omitted",1
"omitted",1
"omitted",1
"omitted",1
"omitted",1
"omitted",1
"omitted",1
"omitted",1
"omitted",1
"omitted",1
"omitted",1
"omitted",1
"omitted",1
"omitted",1
"omitted",1
"omitted",1
"omitted",1
"omitted",1
"omitted",1
"omitted",1
"omitted",1
"omitted",1
"omitted",1
"omitted",1
"omitted",1
"omitted",1
"omitted",1
"omitted",1
"omitted",1
"omitted",1
"omitted",1
"omitted",1
"omitted",1
"omitted",1
"omitted",1
"omitted",1
"omitted",1
"omitted",1
"omitted",1
"omitted",1
"omitted",1
"omitted",1
"omitted",1
"omitted",1
"omitted",1
"omitted",1
"omitted",1
"omitted",1
"omitted",1
"omitted",1
"omitted",1
"omitted",1
"omitted",1
"omitted",1
"omitted",1
"omitted",1
"omitted",1
"omitted",1
"omitted",1
"omitted",1
"omitted",1
"omitted",1
"omitted",1
"omitted",1
"omitted",1
"omitted",1
"omitted",1
"omitted",1
"omitted",1
"omitted",1
"omitted",1
"omitted",1
"omitted",1
"omitted",1
"omitted",1
"omitted",1
"omitted",1
"omitted",1
"omitted",1
"omitted",1
"omitted",1
"omitted",1
"omitted",1
"omitted",1
"omitted",1
"omitted",1
"omitted",1
"omitted",1
"omitted",1
"omitted",1
"omitted",1
"omitted",1
"omitted",1
"omitted",1
"omitted",1
"omitted",1
"omitted",1
"omitted",1
"omitted",1
"omitted",1
"omitted",1
"omitted",1
"omitted",1
"omitted",1
"omitted",1
"omitted",1
"omitted",1
"omitted",1
"omitted",1
"omitted",1
"omitted",1
"omitted",1
"omitted",1
"omitted",1
"omitted",1
"omitted",1
"omitted",1
"omitted",1
"omitted",1
"omitted",1
"omitted",1
"omitted",1
"omitted",1
"omitted",1
"omitted",1
"omitted",1
"omitted",1
"omitted",1
"omitted",1
"omitted",1
"omitted",1
"omitted",1
"omitted",1
"omitted",1
"omitted",1
"omitted",1
"omitted",1
"omitted",1
"omitted",1
"omitted",1
"omitted",1
"omitted",1
"omitted",1
"omitted",1
"omitted",1
"omitted",1
"omitted",1
"omitted",1
"omitted",1
"omitted",1
"omitted",1
"omitted",1
"omitted",1
"omitted",1
"omitted",1
"omitted",1
"omitted",1
"omitted",1
"omitted",1
"omitted",1
"omitted",1
"omitted",1
"omitted",1
"omitted",1
"omitted",1
"omitted",1
"omitted",1
"omitted",1
"omitted",1
"omitted",1
"omitted",1
"omitted",1
"omitted",1
"omitted",1
"omitted",1
"omitted",1
"omitted",1
"omitted",1
"omitted",1
"omitted",1
"omitted",1
"omitted",1
"omitted",1
"omitted",1
"omitted",1
"omitted",1
"omitted",1
"omitted",1
"omitted",1
"omitted",1
"omitted",1
"omitted",1
"omitted",1
"omitted",1
"omitted",1
"omitted",1
"omitted",1
"omitted",1
"omitted",1
"omitted",1
"omitted",1
"omitted",1
"omitted",1
"omitted",1
"omitted",1
"omitted",1
"omitted",1
"omitted",1
"omitted",1
"omitted",1
"omitted",1
"omitted",1
"omitted",1
"omitted",1
"omitted",1
"omitted",1
"omitted",1
"omitted",1
"omitted",1
"omitted",1
"omitted",1
"omitted",1
"omitted",1
"omitted",1
"omitted",1
"omitted",1
"omitted",1
"omitted",1
"omitted",1
"omitted",1
"omitted",1
"omitted",1
"omitted",1
"omitted",1
"omitted",1
"omitted",1
"omitted",1
"omitted",1
"omitted",1
"omitted",1
"omitted",1
"omitted",1
"omitted",1
"omitted",1
"omitted",1
"omitted",1
"omitted",1
"omitted",1
"omitted",1
"omitted",1
"omitted",1
"omitted",1
"omitted",1
"omitted",1
"omitted",1
"omitted",1
"omitted",1
"omitted",1
"omitted",1
"omitted",1
"omitted",1
"omitted",1
"omitted",1
"omitted",1
"omitted",1
"omitted",1
"omitted",1
"omitted",1
"omitted",1
"omitted",1
"omitted",1
"omitted",1
"omitted",1
"omitted",1
"omitted",1
"omitted",1
"omitted",1
"omitted",1
"omitted",1
"omitted",1
"omitted",1
"omitted",1
"omitted",1
"omitted",1
"omitted",1
"omitted",1
"omitted",1
"omitted",1
"omitted",1
"omitted",1
"omitted",1
"omitted",1
"omitted",1
"omitted",1
"omitted",1
"omitted",1
"omitted",1
"omitted",1
"omitted",1
"omitted",1
"omitted",1
"omitted",1
"omitted",1
"omitted",1
"omitted",1
"omitted",1
"omitted",1
"omitted",1
"omitted",1
"omitted",1
"omitted",1
"omitted",1
"omitted",1
"omitted",1
"omitted",1
"omitted",1
"omitted",1
"omitted",1
"omitted",1
"omitted",1
"omitted",1
"omitted",1
"omitted",1
"omitted",1
"omitted",1
"omitted",1
"omitted",1
"omitted",1
"omitted",1
"omitted",1
"omitted",1
"omitted",1
"omitted",1
"omitted",1
"omitted",1
"omitted",1
"omitted",1
"omitted",1
"omitted",1
"omitted",1
"omitted",1
"omitted",1
"omitted",1
"omitted",1
"omitted",1
"omitted",1
"omitted",1
"omitted",1
"omitted",1
"omitted",1
"omitted",1
"omitted",1
"omitted",1
"omitted",1
"omitted",1
"omitted",1
"omitted",1
"omitted",1
"omitted",1
"omitted",1
"omitted",1
"omitted",1
"omitted",1
"omitted",1
"omitted",1
"omitted",1
"omitted",1
"omitted",1
"omitted",1
"omitted",1
"omitted",1
"omitted",1
"omitted",1
"omitted",1
"omitted",1
"omitted",1
"omitted",1
"omitted",1
"omitted",1
"omitted",1
"omitted",1
"omitted",1
"omitted",1
"omitted",1
"omitted",1
"omitted",1
"omitted",1
"omitted",1
"omitted",1
"omitted",1
"omitted",1
"omitted",1
"omitted",1
"omitted",1
"omitted",1
"omitted",1
"omitted",1
"omitted",1
"omitted",1
"omitted",1
"omitted",1
"omitted",1
"omitted",1
"omitted",1
"omitted",1
"omitted",1
"omitted",1
"omitted",1
"omitted",1
"omitted",1
"omitted",1
"omitted",1
"omitted",1
"omitted",1
"omitted",1
"omitted",1
"omitted",1
"omitted",1
"omitted",1
"omitted",1
"omitted",1
"omitted",1
"omitted",1
"omitted",1
"omitted",1
"omitted",1
"omitted",1
"omitted",1
"omitted",1
"omitted",1
"omitted",1
"omitted",1
"omitted",1
"omitted",1
"omitted",1
"omitted",1
"omitted",1
"omitted",1
"omitted",1
"omitted",1
"omitted",1
"omitted",1
"omitted",1
"omitted",1
"omitted",1
"omitted",1
"omitted",1
"omitted",1
"omitted",1
"omitted",1
"omitted",1
"omitted",1
"omitted",1
"omitted",1
"omitted",1
"omitted",1
"omitted",1
"omitted",1
"omitted",1
"omitted",1
"omitted",1
"omitted",1
"omitted",1
"omitted",1
"omitted",1
"omitted",1
"omitted",1
"omitted",1
"omitted",1
"omitted",1
"omitted",1
"omitted",1
"omitted",1
"omitted",1
"omitted",1
"omitted",1
"omitted",1
"omitted",1
"omitted",1
"omitted",1
"omitted",1
"omitted",1
"omitted",1
"omitted",1
"omitted",1
"omitted",1
"omitted",1
"omitted",1
"omitted",1
"omitted",1
"omitted",1
"omitted",1
"omitted",1
"omitted",1
"omitted",1
"omitted",1
"omitted",1
"omitted",1
"omitted",1
"omitted",1
"omitted",1
"omitted",1
"omitted",1
"omitted",1
"omitted",1
"omitted",1
"omitted",1
"omitted",1
"omitted",1
"omitted",1
"omitted",1
"omitted",1
"omitted",1
"omitted",1
"omitted",1
"omitted",1
"omitted",1
"omitted",1
"omitted",1
"omitted",1
"omitted",1
"omitted",1
"omitted",1
"omitted",1
"omitted",1
"omitted",1
"omitted",1
"omitted",1
"omitted",1
"omitted",1
"omitted",1
"omitted",1
"omitted",1
"omitted",1
"omitted",1
"omitted",1
"omitted",1
"omitted",1
"omitted",1
"omitted",1
"omitted",1
"omitted",1
"omitted",1
"omitted",1
"omitted",1
"omitted",1
"omitted",1
"omitted",1
"omitted",1
"omitted",1
"omitted",1
"omitted",1
"omitted",1
"omitted",1
"omitted",1
"omitted",1
"omitted",1
"omitted",1
"omitted",1
"omitted",1
"omitted",1
"omitted",1
"omitted",1
"omitted",1
"omitted",1
"omitted",1
"omitted",1
"omitted",1
"omitted",1
"omitted",1
"omitted",1
"omitted",1
"omitted",1
"omitted",1
"omitted",1
"omitted",1
"omitted",1
"omitted",1
"omitted",1
"omitted",1
"omitted",1
"omitted",1
"omitted",1
"omitted",1
"omitted",1
"omitted",1
"omitted",1
"omitted",1
"omitted",1
"omitted",1
"omitted",1
"omitted",1
"omitted",1
"omitted",1
"omitted",1
"omitted",1
"omitted",1
"omitted",1
"omitted",1
"omitted",1
"omitted",1
"omitted",1
"omitted",1
"omitted",1
"omitted",1
"omitted",1
"omitted",1
"omitted",1
"omitted",1
"omitted",1
"omitted",1
"omitted",1
"omitted",1
"omitted",1
"omitted",1
"omitted",1
"omitted",1
"omitted",1
"omitted",1
"omitted",1
"omitted",1
"omitted",1
"omitted",1
"omitted",1
"omitted",1
"omitted",1
"omitted",1
"omitted",1
"omitted",1
"omitted",1
"omitted",1
"omitted",1
"omitted",1
"omitted",1
"omitted",1
"omitted",1
"omitted",1
"omitted",1
"omitted",1
"omitted",1
"omitted",1
"omitted",1
"omitted",1
"omitted",1
"omitted",1
"omitted",1
"omitted",1
"omitted",1
"omitted",1
"omitted",1
"omitted",1
"omitted",1
"omitted",1
"omitted",1
"omitted",1
"omitted",1
"omitted",1
"omitted",1
"omitted",1
"omitted",1
"omitted",1
"omitted",1
"omitted",1
"omitted",1
"omitted",1
"omitted",1
"omitted",1
"omitted",1
"omitted",1
"omitted",1
"omitted",1
"omitted",1
"omitted",1
"omitted",1
"omitted",1
"omitted",1
"omitted",1
"omitted",1
"omitted",1
"omitted",1
"omitted",1
"omitted",1
"omitted",1
"omitted",1
"omitted",1
"omitted",1
"omitted",1
"omitted",1
"omitted",1
"omitted",1
"omitted",1
"omitted",1
"omitted",1
"omitted",1
"omitted",1
"omitted",1
"omitted",1
"omitted",1
"omitted",1
"omitted",1
"omitted",1
"omitted",1
"omitted",1
"omitted",1
"omitted",1
"omitted",1
"omitted",1
"omitted",1
"omitted",1
"omitted",1
"omitted",1
"omitted",1
"omitted",1
"omitted",1
"omitted",1
"omitted",1
"omitted",1
"omitted",1
"omitted",1
"omitted",1
"omitted",1
"omitted",1
"omitted",1
"omitted",1
"omitted",1
"omitted",1
"omitted",1
"omitted",1
"omitted",1
"omitted",1
"omitted",1
"omitted",1
"omitted",1
"omitted",1
"omitted",1
"omitted",1
"omitted",1
"omitted",1
"omitted",1
"omitted",1
"omitted",1
"omitted",1
"omitted",1
"omitted",1
"omitted",1
"omitted",1
"omitted",1
"omitted",1
"omitted",1
"omitted",1
"omitted",1
"omitted",1
"omitted",1
"omitted",1
"omitted",1
"omitted",1
"omitted",1
"omitted",1
"omitted",1
"omitted",1
"omitted",1
"omitted",1
"omitted",1
"omitted",1
"omitted",1
"omitted",1
"omitted",1
"omitted",1
"omitted",1
"omitted",1
"omitted",1
"omitted",1
"omitted",1
"omitted",1
"omitted",1
"omitted",1
"omitted",1
"omitted",1
"omitted",1
"omitted",1
"omitted",1
"omitted",1
"omitted",1
"omitted",1
"omitted",1
"omitted",1
"omitted",1
"omitted",1
"omitted",1
"omitted",1
"omitted",1
"omitted",1
"omitted",1
"omitted",1
"omitted",1
"omitted",1
"omitted",1
"omitted",1
"omitted",1
"omitted",1
"omitted",1
"omitted",1
"omitted",1
"omitted",1
"omitted",1
"omitted",1
"omitted",1
"omitted",1
"omitted",1
"omitted",1
"omitted",1
"omitted",1
"omitted",1
"omitted",1
"omitted",1
"omitted",1
"omitted",1
"omitted",1
"omitted",1
"omitted",1
"omitted",1
"omitted",1
"omitted",1
"omitted",1
"omitted",1
"omitted",1
"omitted",1
"omitted",1
"omitted",1
"omitted",1
"omitted",1
"omitted",1
"omitted",1
"omitted",1
"omitted",1
"omitted",1
"omitted",1
"omitted",1
"omitted",1
"omitted",1
"omitted",1
"omitted",1
"omitted",1
"omitted",1
"omitted",1
"omitted",1
"omitted",1
"omitted",1
"omitted",1
"omitted",1
"omitted",1
"omitted",1
"omitted",1
"omitted",1
"omitted",1
"omitted",1
"omitted",1
"omitted",1
"omitted",1
"omitted",1
"omitted",1
"omitted",1
"omitted",1
"omitted",1
"omitted",1
"omitted",1
"omitted",1
"omitted",1
"omitted",1
"omitted",1
"omitted",1
"omitted",1
"omitted",1
"omitted",1
"omitted",1
"omitted",1
"omitted",1
"omitted",1
"omitted",1
"omitted",1
"omitted",1
"omitted",1
"omitted",1
"omitted",1
"omitted",1
"omitted",1
"omitted",1
"omitted",1
"omitted",1
"omitted",1
"omitted",1
"omitted",1
"omitted",1
"omitted",1
"omitted",1
"omitted",1
"omitted",1
"omitted",1
"omitted",1
"omitted",1
"omitted",1
"omitted",1
"omitted",1
"omitted",1
"omitted",1
"omitted",1
"omitted",1
"omitted",1
"omitted",1
"omitted",1
"omitted",1
"omitted",1
"omitted",1
"omitted",1
"omitted",1
"omitted",1
"omitted",1
"omitted",1
"omitted",1
"omitted",1
"omitted",1
"omitted",1
"omitted",1
"omitted",1
"omitted",1
"omitted",1
"omitted",1
"omitted",1
"omitted",1
"omitted",1
"omitted",1
"omitted",1
"omitted",1
"omitted",1
"omitted",1
"omitted",1
"omitted",1
"omitted",1
"omitted",1
"omitted",1
"omitted",1
"omitted",1
"omitted",1
"omitted",1
"omitted",1
"omitted",1
"omitted",1
"omitted",1
"omitted",1
"omitted",1
"omitted",1
"omitted",1
"omitted",1
"omitted",1
"omitted",1
"omitted",1
"omitted",1
"omitted",1
"omitted",1
"omitted",1
"omitted",1
"omitted",1
"omitted",1
"omitted",1
"omitted",1
"omitted",1
"omitted",1
"omitted",1
"omitted",1
"omitted",1
"omitted",1
"omitted",1
"omitted",1
"omitted",1
"omitted",1
"omitted",1
"omitted",1
"omitted",1
"omitted",1
"omitted",1
"omitted",1
"omitted",1
"omitted",1
"omitted",1
"omitted",1
"omitted",1
"omitted",1
"omitted",1
"omitted",1
"omitted",1
"omitted",1
"omitted",1
"omitted",1
"omitted",1
"omitted",1
"omitted",1
"omitted",1
"omitted",1
"omitted",1
"omitted",1
"omitted",1
"omitted",1
"omitted",1
"omitted",1
"omitted",1
"omitted",1
"omitted",1
"omitted",1
"omitted",1
"omitted",1
"omitted",1
"omitted",1
"omitted",1
"omitted",1
"omitted",1
"omitted",1
"omitted",1
"omitted",1
"omitted",1
"omitted",1
"omitted",1
"omitted",1
"omitted",1
"omitted",1
"omitted",1
"omitted",1
"omitted",1
"omitted",1
"omitted",1
"omitted",1
"omitted",1
"omitted",1
"omitted",1
"omitted",1
"omitted",1
"omitted",1
"omitted",1
"omitted",1
"omitted",1
"omitted",1
"omitted",1
"omitted",1
"omitted",1
"omitted",1
"omitted",1
"omitted",1
"omitted",1
"omitted",1
"omitted",1
"omitted",1
"omitted",1
"omitted",1
"omitted",1
"omitted",1
"omitted",1
"omitted",1
"omitted",1
"omitted",1
"omitted",1
"omitted",1
"omitted",1
"omitted",1
"omitted",1
"omitted",1
"omitted",1
"omitted",1
"omitted",1
"omitted",1
"omitted",1
"omitted",1
"omitted",1
"omitted",1
"omitted",1
"omitted",1
"omitted",1
"omitted",1
"omitted",1
"omitted",1
"omitted",1
"omitted",1
"omitted",1
"omitted",1
"omitted",1
"omitted",1
"omitted",1
"omitted",1
"omitted",1
"omitted",1
"omitted",1
"omitted",1
"omitted",1
"omitted",1
"omitted",1
"omitted",1
"omitted",1
"omitted",1
"omitted",1
"omitted",1
"omitted",1
"omitted",1
"omitted",1
"omitted",1
"omitted",1
"omitted",1
"omitted",1
"omitted",1
"omitted",1
"omitted",1
"omitted",1
"omitted",1
"omitted",1
"omitted",1
"omitted",1
"omitted",1
"omitted",1
"omitted",1
"omitted",1
"omitted",1
"omitted",1
"omitted",1
"omitted",1
"omitted",1
"omitted",1
"omitted",1
"omitted",1
"omitted",1
"omitted",1
"omitted",1
"omitted",1
"omitted",1
"omitted",1
"omitted",1
"omitted",1
"omitted",1
"omitted",1
"omitted",1
"omitted",1
"omitted",1
"omitted",1
"omitted",1
"omitted",1
"omitted",1
"omitted",1
"omitted",1
"omitted",1
"omitted",1
"omitted",1
"omitted",1
"omitted",1
"omitted",1
"omitted",1
"omitted",1
"omitted",1
"omitted",1
"omitted",1
"omitted",1
"omitted",1
"omitted",1
"omitted",1
"omitted",1
"omitted",1
"omitted",1
"omitted",1
"omitted",1
"omitted",1
"omitted",1
"omitted",1
"omitted",1
"omitted",1
"omitted",1
"omitted",1
"omitted",1
"omitted",1
"omitted",1
"omitted",1
"omitted",1
"omitted",1
"omitted",1
"omitted",1
"omitted",1
"omitted",1
"omitted",1
"omitted",1
"omitted",1
"omitted",1
"omitted",1
"omitted",1
"omitted",1
"omitted",1
"omitted",1
"omitted",1
"omitted",1
"omitted",1
"omitted",1
"omitted",1
"omitted",1
"omitted",1
"omitted",1
"omitted",1
"omitted",1
"omitted",1
"omitted",1
"omitted",1
"omitted",1
"omitted",1
"omitted",1
"omitted",1
"omitted",1
"omitted",1
"omitted",1
"omitted",1
"omitted",1
"omitted",1
"omitted",1
"omitted",1
"omitted",1
"omitted",1
"omitted",1
"omitted",1
"omitted",1
"omitted",1
"omitted",1
"omitted",1
"omitted",1
"omitted",1
"omitted",1
"omitted",1
"omitted",1
"omitted",1
"omitted",1
"omitted",1
"omitted",1
"omitted",1
"omitted",1
"omitted",1
"omitted",1
"omitted",1
"omitted",1
"omitted",1
"omitted",1
"omitted",1
"omitted",1
"omitted",1
"omitted",1
"omitted",1
"omitted",1
"omitted",1
"omitted",1
"omitted",1
"omitted",1
"omitted",1
"omitted",1
"omitted",1
"omitted",1
"omitted",1
"omitted",1
"omitted",1
"omitted",1
"omitted",1
"omitted",1
"omitted",1
"omitted",1
"omitted",1
"omitted",1
"omitted",1
"omitted",1
"omitted",1
"omitted",1
"omitted",1
"omitted",1
"omitted",1
"omitted",1
"omitted",1
"omitted",1
"omitted",1
"omitted",1
"omitted",1
"omitted",1
"omitted",1
"omitted",1
"omitted",1
"omitted",1
"omitted",1
"omitted",1
"omitted",1
"omitted",1
"omitted",1
"omitted",1
"omitted",1
"omitted",1
"omitted",1
"omitted",1
"omitted",1
"omitted",1
"omitted",1
"omitted",1
"omitted",1
"omitted",1
"omitted",1
"omitted",1
"omitted",1
"omitted",1
"omitted",1
"omitted",1
"omitted",1
"omitted",1
"omitted",1
"omitted",1
"omitted",1
"omitted",1
"omitted",1
"omitted",1
"omitted",1
"omitted",1
"omitted",1
"omitted",1
"omitted",1
"omitted",1
"omitted",1
"omitted",1
"omitted",1
"omitted",1
"omitted",1
"omitted",1
"omitted",1
"omitted",1
"omitted",1
"omitted",1
"omitted",1
"omitted",1
"omitted",1
"omitted",1
"omitted",1
"omitted",1
